0.00305678	-0.391613	0.127517	-0.911251	0	-47.8728	18.3435
0.009005	-0.756026	0.311743	-0.575535	0	-48.3112	18.5604
0.00351042	-0.703342	0.232425	-0.67178	0	-48.3872	18.5477
0.00531774	-0.678208	0.369609	-0.635156	0	-48.0576	18.5492
0.207547	-0.80315	0.295875	-0.517115	0	-48.4202	18.5529
0.00597441	-0.918756	-0.148844	-0.365695	0	-48.7332	18.13
0.135	-0.856104	0.110865	-0.504771	0	-57.3291	18.2839
0.00303921	-0.595228	0.282861	-0.752126	0	-57.2865	18.2914
0.00826032	-0.867246	0.177571	-0.465137	0	-57.3638	18.3151
0.0196546	-0.897128	0.105101	-0.429087	0	-57.4245	18.2798
0.0125703	-0.826783	-0.220243	-0.517612	0	-50.1216	17.8915
0.00516332	-0.662731	0.529016	-0.530028	0	-49.5308	19.6001
0.00657201	-0.871915	0.118658	-0.475063	0	-49.9119	19.6375
0.036583	-0.801905	0.32496	-0.501347	0	-49.7357	19.5471
0.00578708	-0.926237	0.223247	-0.30372	0	-49.9982	19.8059
0.0282781	-0.785238	0.29862	-0.542427	0	-49.646	19.4989
0.0249567	-0.78128	0.310492	-0.541477	0	-49.6443	19.5067
0.167407	-0.758956	0.33442	-0.558703	0	-49.6128	19.5162
0.00434559	-0.816025	0.354066	-0.456881	0	-49.7572	19.5708
0.00531442	-0.612429	0.12685	-0.780281	0	-49.982	18.7291
0.0691399	-0.836174	0.284032	-0.46919	0	-50.2365	18.8472
0.0704163	-0.764377	0.294547	-0.57356	0	-50.0475	18.8248
0.00372805	-0.387937	0.202344	-0.899201	0	-50.0004	18.7999
0.0114732	-0.825663	0.265148	-0.497972	0	-50.163	18.8384
0.00888028	-0.781591	0.32911	-0.529907	0	-50.0965	18.8612
0.0202272	-0.779261	0.316838	-0.540709	0	-50.0801	18.844
0.00461366	-0.709439	0.387436	-0.588719	0	-49.9921	18.8802
0.00997433	-0.733068	0.3279	-0.595897	0	-50.0359	18.8247
0.00738272	-0.815908	0.260121	-0.516363	0	-50.1674	18.7936
0.00421571	-0.578558	0.136042	-0.804216	0	-49.4055	18.4805
0.00364813	-0.55103	0.210337	-0.807542	0	-50.1629	18.8013
0.0193276	-0.667162	0.371034	-0.645932	0	-49.9302	18.8618
0.0249279	-0.786495	0.116249	-0.606557	0	-50.0584	18.7325
0.0285102	-0.81133	0.262075	-0.522552	0	-50.1502	18.8432
0.0765963	-0.809907	0.30073	-0.503599	0	-50.1595	18.8624
0.00654071	-0.801526	0.309487	-0.511638	0	-50.1415	18.8654
0.0835607	-0.706837	0.473271	-0.525734	0	-50.082	18.943
0.0286641	-0.838813	0.331698	-0.431705	0	-50.3368	18.9461
0.0195849	-0.855428	0.234639	-0.461721	0	-50.3111	18.8745
0.0122651	-0.883821	0.274183	-0.379057	0	-50.4805	18.9517
0.0374642	-0.831631	0.209732	-0.5142	0	-50.1762	18.7911
0.00752855	-0.791338	0.222782	-0.569344	0	-50.1134	18.7839
0.0645646	-0.794299	0.348613	-0.497552	0	-50.1087	18.9083
0.0104388	-0.864511	0.0672449	-0.498096	0	-50.1659	18.7655
0.00815561	-0.803888	-0.0202153	-0.594438	0	-50.0771	18.3861
0.00431981	-0.782047	0.228654	-0.579759	0	-50.1429	18.823
0.615143	-0.808654	0.292561	-0.51038	0	-50.1621	18.8333
0.00987708	-0.611452	0.367572	-0.700726	0	-49.6036	18.8136
0.0513513	-0.776127	0.355243	-0.520988	0	-50.0955	18.9423
0.00690492	-0.80455	0.293089	-0.516525	0	-50.189	18.8804
0.311906	-0.829215	0.300356	-0.471368	0	-50.1848	18.8898
0.012741	-0.81449	0.304629	-0.493769	0	-50.1815	18.8883
0.0286617	-0.809477	0.309314	-0.499072	0	-50.1791	18.8884
0.0247756	-0.816898	0.291404	-0.497756	0	-50.1794	18.8849
0.480882	-0.814045	0.292915	-0.50153	0	-50.1794	18.8858
0.0162436	-0.807787	0.265271	-0.526414	0	-48.3494	17.7135
0.00307252	-0.735105	-0.136898	-0.663988	0	-48.3376	17.7111
0.003127	-0.601809	0.245417	-0.759998	0	-48.2728	17.6797
0.00503176	-0.689454	0.0396517	-0.723243	0	-48.2851	17.6641
0.0268681	-0.743832	0.326938	-0.582946	0	-48.3134	17.7194
0.068201	-0.769694	0.276595	-0.575383	0	-48.3184	17.7068
0.0481195	-0.766446	0.243497	-0.594365	0	-48.3195	17.7035
0.00404383	-0.773957	0.228213	-0.590686	0	-48.3204	17.7025
0.00673915	-0.802411	0.328783	-0.498034	0	-48.3307	17.7121
0.00388611	-0.178325	0.675851	-0.715141	0	-48.2498	17.7392
0.0508862	-0.774018	0.273519	-0.571038	0	-48.321	17.7085
0.00477575	-0.755305	0.125527	-0.64324	0	-48.3068	17.6975
0.0131379	-0.726083	0.372418	-0.578021	0	-50.1715	18.6297
0.00359644	-0.7597	0.111686	-0.640611	0	-49.1821	19.0109
0.00561501	-0.251327	-0.250291	-0.934981	0	-50.4284	19.0235
0.0038681	-0.547268	0.0799857	-0.833127	0	-50.453	18.2918
0.00843108	-0.570188	0.453393	-0.68507	0	-51.2239	18.9729
0.0244501	-0.70069	0.390144	-0.597345	0	-51.2574	18.973
0.0136046	-0.338988	0.796242	-0.501085	0	-51.2111	19.1277
0.00313677	-0.708405	0.328032	-0.624946	0	-51.0517	18.8997
0.00732294	-0.66851	0.371046	-0.64453	0	-47.9276	18.7531
0.0504339	-0.668003	0.357905	-0.652439	0	-47.7194	18.5763
0.00608136	-0.727067	0.369219	-0.578836	0	-47.815	18.6122
0.0161027	-0.707312	0.309167	-0.635708	0	-47.8114	18.5452
0.00744678	-0.782372	0.312458	-0.538762	0	-47.9263	18.5774
0.0103229	-0.646421	0.512538	-0.565195	0	-47.8482	18.6586
0.00600786	-0.83858	0.153117	-0.522819	0	-51.6391	19.8328
0.00485701	-0.385663	0.104481	-0.916705	0	-50.0217	19.1406
0.0729342	-0.851126	0.441619	-0.283826	0	-52.4144	21.6462
0.0103697	-0.839075	0.447882	-0.308797	0	-52.4052	21.6449
0.0115992	-0.846377	0.407846	-0.342501	0	-52.3878	21.6258
0.0171136	-0.80792	0.226654	-0.54396	0	-50.5474	19.4581
0.0163134	-0.744465	0.436487	-0.505224	0	-50.592	19.6096
0.0208915	-0.729791	0.469712	-0.496766	0	-50.5348	19.8248
0.0113136	-0.687414	0.363116	-0.628974	0	-50.5623	19.5858
0.00948095	-0.707729	0.337269	-0.620781	0	-50.3952	19.5794
0.0155844	-0.73664	0.353104	-0.576784	0	-50.481	19.5862
0.00384755	-0.834001	0.1737	-0.523709	0	-50.584	19.4933
0.00813122	-0.774209	0.300817	-0.556875	0	-50.521	19.5615
0.032559	-0.809114	0.302634	-0.503733	0	-50.5733	19.5842
0.0811689	-0.799033	0.317391	-0.510695	0	-50.5732	19.5844
0.0272368	-0.691801	0.494703	-0.526004	0	-50.49	19.7189
0.139592	-0.785387	0.317892	-0.531142	0	-50.5285	19.5822
0.00443722	-0.650931	0.220548	-0.726393	0	-50.1805	18.8065
0.0252455	-0.793932	0.41381	-0.445457	0	-50.657	18.7018
0.0231465	-0.794147	0.395737	-0.461218	0	-50.6543	18.6985
0.018577	-0.795682	0.39399	-0.460067	0	-50.6549	18.6984
0.0303211	-0.78297	0.366928	-0.502316	0	-50.6408	18.6887
0.00830824	-0.803189	0.212607	-0.556493	0	-50.6387	18.6797
0.0114274	-0.783003	0.352818	-0.512275	0	-50.6367	18.6836
0.0687484	-0.795297	0.343943	-0.499205	0	-50.6474	18.6839
0.394287	-0.811534	0.304495	-0.498694	0	-50.6533	18.6622
0.0117437	-0.776476	0.202378	-0.596766	0	-50.6319	18.6465
0.0408048	-0.811404	0.301182	-0.500913	0	-50.653	18.662
0.0226468	-0.811511	0.302798	-0.499763	0	-50.6533	18.6624
0.201771	-0.812892	0.298787	-0.499933	0	-50.6526	18.662
0.014694	-0.810837	0.299363	-0.502916	0	-50.6525	18.662
0.0299258	-0.809622	0.30259	-0.502943	0	-50.6525	18.6621
0.0158577	-0.809481	0.302699	-0.503104	0	-50.6524	18.6621
0.0790442	-0.812064	0.299748	-0.500703	0	-50.6532	18.6617
0.0318131	-0.794201	0.34514	-0.500122	0	-50.5664	17.9957
0.00358016	-0.886834	0.088669	-0.453502	0	-50.6313	17.6801
0.00908375	-0.776947	0.364181	-0.513543	0	-50.0476	18.9968
0.00448839	-0.762349	0.371074	-0.530215	0	-50.0393	18.9958
0.0418507	-0.788742	0.410497	-0.457579	0	-50.0733	19.0194
0.0160371	-0.81235	0.368347	-0.452116	0	-50.0845	19.0073
0.0198358	-0.805921	0.395992	-0.440092	0	-50.0793	19.0135
0.00534772	-0.806874	0.382996	-0.449743	0	-50.0845	19.0133
0.0163351	-0.795505	0.35843	-0.488569	0	-50.0534	18.9898
0.00376942	-0.987719	0.0654157	-0.141886	0	-50.3248	18.9296
0.00439519	-0.499319	0.513625	-0.697761	0	-50.092	19.037
0.00870941	-0.630476	0.484241	-0.60664	0	-50.0147	19.3095
0.0697585	-0.779955	0.276504	-0.56144	0	-46.2716	17.2225
0.00877371	-0.80318	0.259512	-0.536241	0	-46.2938	17.2197
0.338754	-0.77336	0.292201	-0.562612	0	-46.2786	17.2252
0.00344457	-0.775475	0.289671	-0.561007	0	-46.2797	17.2248
0.0717508	-0.773742	0.281114	-0.567713	0	-46.2762	17.2215
0.128532	-0.773275	0.280531	-0.568637	0	-46.2756	17.2214
0.164043	-0.776043	0.282851	-0.563696	0	-46.2793	17.2232
0.00605044	-0.776441	0.282038	-0.563554	0	-46.2799	17.223
0.0204924	-0.777533	0.281296	-0.562419	0	-46.2812	17.2229
0.0453359	-0.777365	0.277986	-0.564294	0	-46.2795	17.2205
0.152354	-0.779671	0.275294	-0.562429	0	-46.282	17.2193
0.00698274	-0.920373	0.0754854	-0.383686	0	-46.3377	17.2046
0.0085698	-0.847263	0.280423	-0.451119	0	-46.323	17.2261
0.0129075	-0.827671	0.210313	-0.520316	0	-46.3048	17.2126
0.00313838	-0.979373	0.133042	-0.152077	0	-46.6651	17.2494
0.0188746	-0.778839	0.273735	-0.564339	0	-46.2782	17.2177
0.0048887	-0.325981	0.0120793	-0.945299	1	-19.4195	-0.411604
0.00338893	-0.485619	-0.251139	-0.837319	1	-20.1825	-1.41753
0.0449597	-0.507483	0.00992015	-0.861605	1	-19.6351	-1.68129
0.155258	-0.506943	0.0165987	-0.86182	1	-19.6351	-1.68121
0.018572	-0.301769	0.0574532	-0.951648	1	-19.672	-0.876246
0.00657228	-0.658406	-0.0489607	-0.751069	1	-20.0508	-1.50006
0.0067366	-0.534751	-0.104417	-0.838533	1	-19.9942	-1.49972
0.0215511	-0.555436	-0.0532326	-0.829854	1	-20.0426	-1.40806
0.143099	-0.525937	-0.0478491	-0.849177	1	-19.9765	-1.42651
0.00473931	0.500828	0.276193	-0.820298	1	-18.8516	-1.19045
0.00607852	-0.469257	-0.262151	-0.843252	1	-19.8874	-1.75165
0.00649616	-0.507812	0.0873773	-0.857025	1	-19.8671	-0.96567
0.0367596	-0.591203	0.0491623	-0.805023	1	-20.1742	-1.25328
0.00413097	-0.443222	-0.227549	-0.86705	1	-20.0232	-1.29292
0.00567268	-0.647252	-0.256505	-0.717823	1	-20.3039	-1.57261
0.00891771	-0.320612	-0.173039	-0.931271	1	-19.3921	-1.68653
0.0616776	-0.543115	-0.0330112	-0.839009	1	-19.9749	-1.38638
0.020602	-0.542272	0.112026	-0.832701	1	-20.0125	-1.1105
0.00734178	-0.661937	0.0438983	-0.748273	1	-20.065	-1.3522
0.00364079	-0.53798	0.153329	-0.828896	1	-20.0052	-1.32127
0.010196	-0.616065	0.11044	-0.779914	1	-20.0428	-1.3325
0.00433084	-0.581968	0.0940227	-0.807758	1	-20.0213	-1.34029
0.00420107	0.0827868	-0.540175	-0.837471	1	-19.8133	-1.54222
0.00827915	-0.517486	-0.0455246	-0.85448	1	-19.976	-1.4065
0.0206361	-0.542285	-0.152624	-0.826216	1	-20.0167	-1.44788
0.171247	-0.527698	-0.0624085	-0.847136	1	-19.9886	-1.44247
0.00782224	-0.54008	-0.0377119	-0.840768	1	-19.9955	-1.41226
0.0204263	-0.569286	0.03411	-0.821432	1	-20.0181	-1.34581
0.0711475	-0.578185	-0.0414408	-0.814853	1	-19.9947	-1.40886
0.0056467	-0.544599	-0.153544	-0.824522	1	-20.0072	-1.51097
0.0202266	-0.472172	-0.222597	-0.852939	1	-19.9591	-1.50162
0.0572985	-0.586123	-0.0452665	-0.808956	1	-20.0309	-1.40861
0.0142099	-0.573733	-0.0124664	-0.818948	1	-20.0215	-1.39045
0.00593408	-0.56767	-0.0134367	-0.823146	1	-20.0177	-1.39084
0.00465645	-0.573188	-0.0146391	-0.819293	1	-20.0212	-1.39139
0.0721931	-0.477986	0.00339424	-0.878361	1	-19.9492	-1.39729
0.0104675	-0.359172	-0.0104389	-0.933213	1	-19.9248	-1.41234
0.0611417	-0.464836	-0.123813	-0.876697	1	-19.9416	-1.44865
0.0451075	-0.544958	-0.0448007	-0.837266	1	-20.0048	-1.39667
0.0154331	-0.577894	0.0184504	-0.815903	1	-20.0166	-1.35417
0.0409973	-0.566593	0.0346407	-0.823269	1	-20.0247	-1.35706
0.00342908	-0.570995	0.00299425	-0.820948	1	-20.0285	-1.37902
0.0284421	-0.573463	0.00169143	-0.81923	1	-20.0315	-1.37991
0.00977728	-0.63261	-0.168184	-0.755989	1	-20.0683	-1.59288
0.00365669	-0.550774	-0.0977382	-0.828912	1	-20.0346	-1.56946
0.0133167	-0.607248	-0.0169268	-0.794332	1	-20.0559	-1.54838
0.00450205	-0.542369	-0.147881	-0.827023	1	-20.2666	-1.61645
0.0243153	-0.544732	0.034161	-0.837914	1	-20.0281	-1.30636
0.0234799	-0.580934	-0.0548903	-0.812098	1	-20.1468	-1.45029
0.0114426	-0.516974	-0.248832	-0.819036	1	-20.0864	-1.48197
0.0190852	-0.552261	-0.0376411	-0.832821	1	-20.0626	-1.40891
0.0156141	-0.572431	0.489483	-0.657822	1	-20.4293	-0.122973
0.0118233	-0.670354	-0.0224498	-0.741702	1	-20.1636	-1.47751
0.00786256	-0.530495	-0.0482915	-0.846312	1	-20.2418	-0.531011
0.00459868	-0.0295692	0.0132649	-0.999475	1	-17.8826	-1.5612
0.0324444	-0.178874	-0.156132	-0.971405	1	-17.9826	-1.6167
0.0208771	-0.329361	-0.0117088	-0.944131	1	-19.1443	-1.3517
0.00796167	-0.66948	-0.291343	-0.683313	1	-19.9305	-1.54226
0.00388262	-0.382254	0.429803	-0.818017	1	-19.6626	-0.953656
0.00357656	-0.822745	0.283411	-0.492715	1	-19.7778	-1.36152
0.00302303	-0.536957	-0.0725071	-0.840488	1	-19.7583	-1.37399
0.0360679	-0.545824	-0.0277023	-0.837442	1	-19.7585	-1.37319
0.00873853	-0.755385	-0.0081233	-0.65523	1	-19.8853	-1.36789
0.00805735	-0.523828	0.191619	-0.829992	1	-20.0785	-1.13491
0.00683757	-0.565221	0.0566479	-0.822992	1	-20.1232	-1.25975
0.0151743	-0.57306	0.167904	-0.802128	1	-19.8639	-1.26959
0.00835153	-0.448447	0.332508	-0.829659	1	-19.9029	-0.787838
0.0456877	-0.581911	0.00746493	-0.813218	1	-20.0434	-1.27318
0.00420021	-0.594651	-0.201154	-0.778413	1	-20.0531	-1.29389
0.0356461	-0.602206	-0.0911571	-0.793119	1	-20.0525	-1.2892
0.039588	-0.598023	-0.098863	-0.795358	1	-20.0519	-1.28991
0.108144	-0.593113	-0.0126428	-0.80502	1	-20.0477	-1.27845
0.0171194	-0.553929	0.0643387	-0.830074	1	-20.035	-1.1453
0.0327587	-0.468743	-0.0188062	-0.883134	1	-19.7948	-1.3289
0.00539276	-0.509015	-0.145283	-0.848408	1	-20.2614	-1.23691
0.00920755	-0.579292	0.0552854	-0.813243	1	-20.0751	-1.09429
0.0116573	-0.599009	-0.28045	-0.750024	1	-20.072	-1.55064
0.0388701	-0.49405	0.0246386	-0.869084	1	-19.8492	-1.32432
0.00784612	-0.608736	0.136001	-0.781629	1	-19.9478	-1.27357
0.00392576	-0.279768	0.201772	-0.938626	1	-19.1317	-0.942715
0.00438403	-0.509957	-0.292096	-0.809088	1	-19.9215	-1.53748
0.00558663	-0.510308	0.202821	-0.835733	1	-18.4796	-0.806922
0.00402518	-0.360521	0.07434	-0.929784	1	-19.4837	-1.27345
0.00436779	-0.357889	-0.271966	-0.89328	1	-20.0392	-1.30972
0.00725295	-0.228941	0.0650811	-0.971262	1	-20.0154	-1.25671
0.0156069	-0.54093	-0.046095	-0.839803	1	-20.0131	-1.41522
0.00437208	-0.571373	0.0728806	-0.817448	1	-20.0561	-1.38117
0.0041642	-0.483472	0.403387	-0.776874	1	-20.0303	-1.01469
0.00410044	-0.462849	0.0322929	-0.885849	1	-20.1402	-1.30522
0.00953861	-0.285335	-0.168082	-0.943574	1	-19.6472	-1.6784
0.0138625	-0.706949	0.0756121	-0.703211	1	-20.9456	-1.19351
0.0177142	-0.546516	-0.0793505	-0.833681	1	-19.9647	-1.44794
0.00879878	-0.521899	0.114284	-0.845317	1	-19.9539	-0.891809
0.0284313	-0.3648	0.106894	-0.92493	1	-19.8342	-0.920799
0.00394604	-0.253113	-0.00389282	-0.967429	1	-19.767	-0.961328
0.0156087	-0.524183	-0.152818	-0.837782	1	-20.0239	-1.6042
0.0639957	-0.491194	0.028106	-0.870597	1	-20.0087	-1.54241
0.00934861	-0.562364	-0.157553	-0.811741	1	-20.0448	-1.60472
0.00523693	-0.380461	0.00718249	-0.924769	1	-19.9746	-1.54718
0.00455078	-0.423631	-0.137797	-0.895292	1	-19.9805	-1.5701
0.00435374	-0.497438	0.0124162	-0.867411	1	-19.9998	-1.5376
0.00650543	-0.645307	-0.30752	-0.699293	1	-20.034	-1.59164
0.0326478	-0.608151	-0.168023	-0.775835	1	-20.0243	-1.57745
0.00528949	-0.282142	-0.445327	-0.849753	1	-19.9799	-1.60868
0.013639	-0.515373	-0.0557834	-0.855148	1	-20.0045	-1.5536
0.00483771	-0.552836	0.0175538	-0.833105	1	-20.0249	-1.52651
0.00598756	-0.513618	-0.0584728	-0.856024	1	-20.0003	-1.55697
0.00625105	-0.337206	0.119253	-0.933847	1	-19.8431	-1.30653
0.100803	-0.417133	0.21449	-0.883173	1	-19.8536	-1.29664
0.00451595	-0.382879	0.25686	-0.887371	1	-19.8528	-1.27792
0.0286762	-0.390483	0.246787	-0.886916	1	-19.8563	-1.28246
0.00348391	-0.295555	-0.37256	-0.879685	1	-19.9469	-1.85625
0.0114516	-0.669435	0.122575	-0.732689	1	-20.8744	-0.705094
0.00627827	-0.554027	-0.197001	-0.808854	1	-20.0409	-1.44557
0.0115181	-0.428526	-0.109453	-0.896875	1	-19.9959	-1.40421
0.0121662	-0.462016	0.00751373	-0.88684	1	-19.9922	-1.33857
0.00800624	-0.56497	0.109435	-0.817822	1	-20.4086	-1.40837
0.0173187	-0.649075	0.0159921	-0.760556	1	-20.4334	-1.42773
0.192187	-0.574202	-0.0476135	-0.817328	1	-19.0864	-1.35634
0.0332153	-0.505903	0.125951	-0.853345	1	-19.0809	-1.34601
0.00344585	-0.573768	-0.0291478	-0.818499	1	-19.0864	-1.35528
0.00912245	-0.84095	0.219522	-0.494583	1	-20.3185	-1.2199
0.011442	-0.386364	0.269919	-0.881967	1	-19.6069	-0.932823
0.0164323	-0.558076	-0.0530226	-0.828094	1	-20.0706	-1.11531
0.0185989	-0.486944	-0.211151	-0.847526	1	-19.9466	-1.65086
0.0413696	-0.567853	0.118811	-0.814511	1	-20.0767	-1.27929
0.00368382	-0.619976	-0.0182879	-0.784407	1	-20.0751	-1.30868
0.00419575	-0.572287	0.0572552	-0.818052	1	-20.07	-1.30395
0.00916052	-0.4474	-0.336742	-0.828516	1	-20.0475	-1.37851
0.0805385	-0.558553	-0.0303792	-0.828912	1	-20.0717	-1.32478
0.00871068	-0.371846	0.0802613	-0.924818	1	-19.8346	-1.06407
0.00979969	-0.0655	-0.24722	-0.966743	1	-19.1049	-1.68498
0.0114003	-0.555904	-0.1032	-0.824815	1	-20.1035	-1.49804
0.0102093	-0.490914	-0.00163909	-0.871206	1	-19.9383	-1.25742
0.0446236	-0.345198	0.0875905	-0.934434	1	-19.6071	-1.16792
0.00759974	-0.469784	0.0496044	-0.881386	1	-19.9134	-1.25229
0.00324334	-0.938433	0.147353	-0.312458	1	-21.1033	-1.02228
0.00931992	-0.297586	0.404295	-0.864863	1	-18.143	1.17489
0.00708628	-0.109654	0.397651	-0.910961	1	-18.0115	1.18218
0.00735434	0.408088	0.31282	-0.857676	1	-18.6667	-0.924814
0.00848336	-0.362052	0.0602666	-0.930208	1	-18.8592	-0.990835
0.00891531	-0.613332	0.23085	-0.755335	1	-19.5294	-1.05852
0.00662985	-0.368361	0.0933344	-0.924986	1	-19.1083	-1.27098
0.0036899	-0.361884	-0.130065	-0.923105	1	-19.1515	-1.5407
0.00746098	-0.705879	-0.310921	-0.636446	1	-20.3919	-1.83631
0.0300673	-0.310201	-0.0346331	-0.95004	1	-19.7757	-1.54102
0.010844	-0.655564	-0.11854	-0.745777	1	-20.3422	-1.69599
0.056258	-0.494604	-0.0866158	-0.864792	1	-20.1136	-1.67012
0.00613455	-0.1528	-0.504073	-0.850037	1	-20.0188	-1.85572
0.0121233	-0.325482	-0.0203013	-0.94533	1	-19.9996	-1.70963
0.0102828	-0.545446	-0.0671507	-0.835452	1	-20.111	-1.73081
0.00516312	-0.311668	0.00722487	-0.950164	1	-20.2594	-1.5765
0.0202712	-0.591261	-0.0684513	-0.80357	1	-20.3221	-1.58935
0.00596896	-0.225803	-0.223873	-0.9481	1	-19.8509	-1.79675
0.0162984	-0.41032	-0.128633	-0.902824	1	-19.7284	-1.73998
0.00638406	0.244217	-0.0406711	-0.968867	1	-19.5032	-1.34837
0.0283425	-0.423742	0.0190539	-0.905582	1	-20.0556	-1.33206
0.0104971	-0.401249	0.0792303	-0.912536	1	-20.0765	-1.34864
0.00497835	-0.432878	-0.0723366	-0.898545	1	-19.8829	-1.38086
0.0149855	-0.591095	-0.119921	-0.797637	1	-19.9683	-1.95317
0.0159199	-0.470793	-0.103539	-0.876147	1	-19.8133	-1.92528
0.0039412	-0.767644	-0.432359	-0.473062	1	-20.0208	-2.08042
0.0103755	-0.334785	-0.41838	-0.84432	1	-19.7926	-1.99484
0.125248	-0.505332	-0.128641	-0.853282	1	-19.8474	-1.94466
0.0366958	-0.371186	-0.0223919	-0.928288	1	-19.7722	-1.44874
0.00543194	-0.553551	0.174074	-0.81442	1	-19.9277	-1.29988
0.0550547	-0.492673	-0.0228942	-0.869913	1	-19.7376	-1.54911
0.00906177	-0.301203	0.142296	-0.942883	1	-19.8676	-1.40995
0.0144339	-0.538805	0.0852265	-0.838108	1	-19.9893	-1.42833
0.126828	-0.530776	-0.0155879	-0.847369	1	-19.9662	-1.50919
0.00433373	-0.565876	-0.398168	-0.721974	1	-20.0576	-2.02426
0.00638702	-0.335581	0.139037	-0.931694	1	-19.3823	-1.01561
0.0103453	-0.64636	-0.00093034	-0.763032	1	-20.5129	-1.51176
0.0313235	-0.637862	-0.254681	-0.726821	1	-20.3255	-1.51361
0.0131605	-0.533704	-0.0783047	-0.842038	1	-20.2854	-1.48072
0.00861381	-0.528424	-0.0825717	-0.844956	1	-20.2834	-1.48167
0.0087406	-0.331808	0.111941	-0.936682	1	-19.7184	-1.47901
0.0147584	-0.438841	-0.0440047	-0.897487	1	-19.7092	-1.55832
0.00717065	-0.44283	0.207334	-0.872304	1	-20.1318	-1.69686
0.0046084	-0.583447	-0.083208	-0.807878	1	-20.1623	-1.75906
0.0155259	-0.651603	-0.0921098	-0.752947	1	-20.1473	-1.74493
0.0126726	-0.62721	-0.0441784	-0.777596	1	-20.1455	-1.74217
0.00468663	-0.167293	-0.107413	-0.980039	1	-20.0384	-1.75452
0.0368283	-0.549128	-0.0465031	-0.834444	1	-20.1359	-1.73867
0.0317309	-0.548792	-0.0443635	-0.834781	1	-20.1355	-1.73733
0.218507	-0.549876	-0.0538376	-0.833509	1	-20.1369	-1.74339
0.00413758	-0.622387	-0.0783575	-0.778777	1	-20.1752	-1.75485
0.0286941	-0.552548	-0.0639763	-0.831022	1	-20.1401	-1.75049
0.00708512	-0.547931	-0.069521	-0.83363	1	-20.1353	-1.75441
0.293003	-0.546572	-0.0866406	-0.832918	1	-20.1345	-1.76884
0.0123986	-0.436354	-0.238895	-0.867482	1	-20.041	-1.88247
0.512125	-0.56566	-0.0905406	-0.819653	1	-20.16	-1.77355
0.0109658	-0.561154	-0.0891736	-0.822894	1	-20.1544	-1.77229
0.0165856	-0.537884	-0.0635579	-0.840619	1	-20.1497	-1.76581
0.0341986	-0.538904	-0.0565194	-0.840469	1	-20.1498	-1.76524
0.0961856	-0.567927	-0.0703418	-0.820068	1	-20.1563	-1.76915
0.0133066	-0.5739	-0.0767186	-0.815324	1	-20.1587	-1.77086
0.0356113	-0.568518	-0.0767378	-0.819084	1	-20.1565	-1.77076
0.094076	-0.561294	-0.0960698	-0.822022	1	-20.1559	-1.7798
0.0115379	-0.56277	-0.103232	-0.820142	1	-20.1592	-1.78845
0.00311691	-0.471106	-0.468403	-0.747434	1	-20.1162	-2.1386
0.026771	-0.374963	-0.0516036	-0.925602	1	-20.0386	-1.76604
0.0272815	-0.500116	-0.0468683	-0.864689	1	-20.1209	-1.7713
0.0237382	-0.480401	-0.133416	-0.866842	1	-20.0267	-1.81768
0.00906954	-0.443456	-0.286877	-0.849145	1	-20.0918	-1.85081
0.00422323	-0.0814056	0.42414	-0.90193	1	-19.1052	-0.926046
0.0033251	-0.48583	0.305449	-0.818945	1	-19.2594	-1.18345
0.00503708	-0.462415	0.00519294	-0.886648	1	-19.2642	-1.2325
0.0096457	-0.374571	0.0218181	-0.926941	1	-19.2564	-1.00929
0.0202283	-0.402687	-0.122955	-0.907042	1	-19.8889	-1.54928
0.00705995	-0.395994	0.112575	-0.911326	1	-19.2017	-1.03254
0.0265763	-0.473294	0.00899375	-0.880859	1	-19.994	-1.51919
0.00715995	-0.530171	-0.00112267	-0.84789	1	-20.0218	-1.52282
0.0563323	-0.292461	-0.424896	-0.856697	1	-19.5957	-2.17001
0.00377887	-0.503	-0.225013	-0.834482	1	-19.1285	-1.53603
0.00530727	-0.241408	-0.095215	-0.965741	1	-18.3746	-1.36726
0.00578346	-0.523973	0.0821293	-0.847766	1	-19.7811	-1.48995
0.0139113	-0.370428	-0.490724	-0.788653	1	-19.7518	-1.5462
0.00607701	-0.474832	0.168413	-0.863812	1	-19.7566	-1.4428
0.00574406	-0.466859	0.137641	-0.873554	1	-19.755	-1.44671
0.0737884	-0.48205	-0.0220454	-0.875866	1	-19.756	-1.46701
0.00895938	-0.482435	-0.00641749	-0.875908	1	-19.7561	-1.46466
0.00350478	-0.402874	-0.497243	-0.768402	1	-19.7111	-1.83164
0.00887828	-0.425315	0.185327	-0.885867	1	-19.6669	-1.50488
0.00856529	-0.13171	0.593227	-0.794188	1	-19.6092	-2.0672
0.0397012	-0.383731	0.170238	-0.907618	1	-20.1016	-1.14094
0.0159294	-0.506668	-0.188645	-0.841249	1	-19.9966	-1.74212
0.00611083	-0.34404	0.00698561	-0.938929	1	-19.9139	-1.5984
0.00644044	-0.526325	-0.310344	-0.791624	1	-20.0828	-1.60519
0.0358705	-0.659081	-0.695804	-0.285428	1	-20.581	-2.24404
0.00430564	-0.198686	-0.709647	-0.675963	1	-19.8265	-1.94656
0.00326625	-0.408932	-0.348784	-0.843282	1	-19.8285	-1.67822
0.0132528	-0.448278	0.131771	-0.884129	1	-20.0523	-1.48001
0.0458979	-0.560111	0.0881782	-0.823711	1	-20.0663	-1.48665
0.0139404	-0.519872	-0.0196599	-0.854018	1	-20.0555	-1.50959
0.0146025	-0.577818	0.00432814	-0.816154	1	-20.0492	-1.55353
0.0110176	-0.518648	-0.0650333	-0.852511	1	-20.0441	-1.55965
0.0120482	-0.518558	-0.0662132	-0.852475	1	-20.044	-1.55979
0.00858192	-0.474207	-0.052238	-0.878862	1	-20.0319	-1.55672
0.00634631	-0.481293	-0.0572616	-0.874687	1	-20.0355	-1.55845
0.0149621	-0.503927	-0.0828152	-0.859767	1	-20.0499	-1.57033
0.00366012	-0.420375	-0.220384	-0.880179	1	-20.0605	-1.55832
0.00468199	-0.417816	0.0513711	-0.907078	1	-19.7363	-1.38003
0.00513324	-0.639046	-0.132625	-0.757648	1	-20.569	-1.67654
0.0389489	-0.545274	0.00689059	-0.83823	1	-20.0718	-1.32805
0.00759212	-0.529947	-0.0482004	-0.84666	1	-20.1398	-1.43723
0.100883	-0.538317	0.0710888	-0.839739	1	-19.9276	-1.18572
0.00415223	0.0994314	0.113322	-0.98857	1	-19.5981	-1.21643
0.00415539	-0.527906	0.0401746	-0.848352	1	-19.9383	-1.32274
0.0259951	-0.476928	0.100925	-0.873129	1	-20.0474	-1.41357
0.0128454	-0.271607	-0.211862	-0.938799	1	-20.0079	-1.46348
0.00925085	-0.428413	-0.0148548	-0.903461	1	-19.7545	-1.33482
0.0191523	-0.603716	0.17789	-0.777099	1	-20.1619	-1.07841
0.00447179	-0.62362	0.0716873	-0.778434	1	-19.5845	-1.58273
0.0036096	-0.486607	-0.0140737	-0.873508	1	-19.7425	-1.3201
0.00378881	-0.254659	0.594348	-0.762823	1	-19.7196	-0.862023
0.00370043	-0.37857	-0.12096	-0.917635	1	-19.7263	-1.68929
0.0238866	-0.461618	-0.292104	-0.837606	1	-19.943	-1.83513
0.0325685	-0.511	-0.115574	-0.851775	1	-19.9964	-1.58834
0.0410906	-0.251885	-0.158842	-0.954632	1	-19.3421	-1.67828
0.0096486	-0.479125	0.121523	-0.869294	1	-19.8751	-1.07104
0.0157065	-0.77154	-0.117215	-0.625289	1	-20.3961	-1.442
0.0104617	-0.0713371	0.105353	-0.991873	1	-18.9668	-1.12394
0.0103921	-0.525307	-0.154216	-0.836821	1	-19.9308	-1.66231
0.011768	-0.51978	-0.0678885	-0.851599	1	-19.9782	-1.50966
0.227798	-0.56657	-0.0250668	-0.823632	1	-20.1437	-1.39351
0.0048061	-0.531835	-0.20586	-0.821446	1	-20.0684	-1.4585
0.0203165	-0.652399	0.0237965	-0.757502	1	-20.1583	-1.39265
0.00315727	-0.406029	0.192121	-0.893437	1	-20.0207	-1.33205
0.0149965	-0.384665	-0.0891547	-0.91874	1	-19.6845	-1.50215
0.003646	-0.60215	-0.119496	-0.78939	1	-20.1363	-1.4415
0.00455176	-0.429414	0.75687	-0.492698	1	-20.1683	-0.913713
0.0137189	0.594532	0.0438229	-0.802877	1	-19.8147	-1.50904
0.0759966	-0.536199	0.0784057	-0.840443	1	-20.2057	-1.11224
0.00491337	-0.841924	-0.0100016	-0.539503	1	-20.2127	-1.41922
0.0199249	-0.529195	-0.00663438	-0.848474	1	-20.0264	-1.41476
0.00342249	-0.537629	0.0167778	-0.843015	1	-20.0258	-1.42791
0.0175216	-0.505444	0.0669809	-0.860256	1	-20.035	-1.42258
0.0117968	-0.654495	-0.0644954	-0.753311	1	-20.1093	-1.47369
0.00787373	-0.502774	0.020554	-0.864174	1	-20.0115	-1.38568
0.0872901	-0.540084	-0.0556403	-0.83977	1	-20.0021	-1.44692
0.00939067	-0.580007	-0.155454	-0.799641	1	-20.0278	-1.45226
0.0229224	-0.662942	0.110271	-0.740506	1	-20.3044	-1.15978
0.0146322	-0.572278	-0.107235	-0.813018	1	-20.1035	-1.57011
0.00809198	-0.380976	0.231086	-0.895241	1	-19.9675	-1.2076
0.00755183	-0.360994	0.524639	-0.770998	1	-19.9873	-1.18014
0.0043282	-0.4966	0.149039	-0.855088	1	-20.0265	-1.23861
0.00590799	-0.236828	-0.0321518	-0.971019	1	-20.0021	-1.34396
0.0110431	-0.415941	-0.0803722	-0.905833	1	-19.9299	-1.42154
0.0282874	-0.490852	-0.0401442	-0.870318	1	-19.9079	-1.48672
0.0580632	-0.503305	-0.0871219	-0.859706	1	-19.9214	-1.55257
0.0169794	-0.573805	0.0396192	-0.818033	1	-20.1718	-1.07581
0.00440665	-0.725432	-0.0074426	-0.688254	1	-20.1136	-1.44578
0.00593644	-0.462901	-0.099379	-0.880821	1	-19.9729	-1.47346
0.0202815	-0.528199	-0.096069	-0.843669	1	-20.0235	-1.55803
0.00564608	-0.759976	-0.342351	-0.552478	1	-20.3036	-1.83734
0.0162192	-0.506536	-0.0116866	-0.86214	1	-19.9446	-1.33714
0.010211	-0.667668	-0.144759	-0.73025	1	-20.1533	-1.67393
0.00753813	-0.558066	0.2309	-0.797024	1	-20.0633	-1.15094
0.00413907	-0.482115	-0.263944	-0.835403	1	-20.1631	-1.64563
0.00373259	-0.567723	0.659115	-0.493213	1	-21.3628	-0.914155
0.0120608	-0.787224	-0.393108	-0.475126	1	-20.9895	-2.11267
0.0230389	-0.488818	-0.0928817	-0.867427	1	-19.9983	-1.44757
0.00814786	-0.409048	-0.100224	-0.906992	1	-20.0508	-1.49062
0.00460147	-0.388085	0.305062	-0.869671	1	-19.9712	-1.05372
0.0145939	-0.396075	-0.17854	-0.900693	1	-19.6119	-1.79601
0.057014	-0.545812	0.0311444	-0.837329	1	-20.0953	-1.16229
0.00486802	0.103506	-0.696667	-0.709889	1	-19.2717	-1.13942
0.0150887	-0.353263	0.0438605	-0.934495	1	-19.5931	-1.41087
0.00339285	-0.789389	0.256388	-0.55779	1	-20.395	-1.19995
0.00355148	0.0348226	-0.0965533	-0.994718	1	-19.743	-1.32436
0.0244881	-0.537585	-0.0325213	-0.842582	1	-20.0432	-1.40962
0.0215089	-0.582761	-0.0739095	-0.809276	1	-20.1111	-1.46148
0.0287792	-0.555581	-0.0326066	-0.830823	1	-20.126	-1.41394
0.0420726	-0.685836	-0.0203834	-0.727471	1	-20.2517	-1.42758
0.00343588	-0.575899	-0.0415105	-0.816467	1	-20.2487	-1.72656
0.00372499	-0.347399	-0.00457019	-0.937706	1	-19.9368	-1.44725
0.0135737	-0.605481	-0.147488	-0.782074	1	-20.1318	-1.56762
0.115703	-0.528262	-0.0419535	-0.848045	1	-20.0285	-1.43642
0.00431258	-0.501858	-0.0399338	-0.864028	1	-20.0235	-1.46293
0.0141731	-0.606451	-0.0260113	-0.794695	1	-20.0972	-1.43562
0.00958151	-0.0804816	0.0583593	-0.995046	1	-19.7058	-1.3556
0.0278541	-0.39116	-0.00810579	-0.920287	1	-19.8942	-1.41678
0.0517504	-0.52947	-0.0582382	-0.846328	1	-20.0348	-1.45468
0.0143347	-0.568602	-0.0265638	-0.822184	1	-20.0309	-1.45671
0.0221916	-0.529537	0.402344	-0.7468	1	-20.1195	-0.925151
0.0725305	-0.538034	-0.0398933	-0.841979	1	-20.0492	-1.43324
0.00887642	-0.556988	0.0210493	-0.830254	1	-20.0892	-1.34197
0.010043	-0.195489	0.274439	-0.941524	1	-18.8281	-0.408544
0.00993172	-0.361809	0.00705859	-0.932226	1	-19.788	-1.1144
0.00542076	-0.461503	0.196219	-0.865166	1	-19.8537	-1.47117
0.0506813	-0.57372	-0.0183249	-0.818847	1	-20.0833	-1.41616
0.00422958	-0.568578	-0.0378477	-0.821758	1	-20.0772	-1.43347
0.0210675	-0.538003	-0.040393	-0.841975	1	-20.0356	-1.43507
0.0420679	-0.538326	-0.0390721	-0.841831	1	-20.0407	-1.43471
0.0168797	-0.534123	-0.130723	-0.835239	1	-19.8944	-1.66376
0.066642	-0.543668	-0.0383778	-0.838423	1	-20.0833	-1.43423
0.0235308	-0.571455	-0.110813	-0.813117	1	-20.3183	-1.96282
0.00669096	-0.344596	-0.029103	-0.9383	1	-20.6762	-1.56881
0.00929127	-0.252701	-0.0830722	-0.963972	1	-18.9979	-1.55065
0.0155621	-0.498955	-0.122664	-0.857903	1	-19.9431	-1.64646
0.0166378	-0.30471	-0.696993	-0.649116	1	-19.8935	-2.53586
0.0091889	-0.713156	0.191076	-0.674462	1	-18.7079	-2.14066
0.00506643	-0.678473	0.0991613	-0.727902	1	-18.6856	-2.16715
0.00911539	-0.620047	0.0387213	-0.783608	1	-18.6531	-2.17657
0.010464	-0.657819	-0.204492	-0.724884	1	-19.9501	-1.57277
0.0400605	-0.46264	0.0780843	-0.883101	1	-19.7161	-1.22895
0.00325608	-0.403219	0.164988	-0.900107	1	-20.4993	-1.39684
0.00466238	-0.426944	-0.625653	-0.652899	1	-20.311	-2.41139
0.0263984	-0.530607	0.0128514	-0.847521	1	-20.0597	-1.39161
0.0723665	-0.512579	0.0125923	-0.858548	1	-20.0448	-1.39187
0.0547249	-0.546615	0.0290777	-0.836879	1	-20.0608	-1.37983
0.00433513	-0.431044	0.466107	-0.772622	1	-20.0692	-1.0844
0.127079	-0.507321	0.0160037	-0.861609	1	-19.9916	-1.34704
0.0510474	-0.560596	-0.0545615	-0.82629	1	-20.2329	-1.64403
0.120765	-0.540337	0.0743929	-0.838154	1	-20.0842	-1.24715
0.0100529	-0.412634	0.116534	-0.903412	1	-19.1332	-0.446523
0.00978949	-0.664622	-0.124579	-0.736721	1	-21.0256	-1.50798
0.00796112	-0.648345	0.108009	-0.753646	1	-20.9517	-1.01887
0.0142187	-0.604125	0.171254	-0.778271	1	-20.9396	-1.00966
0.0141764	-0.433679	-0.0290502	-0.900599	1	-20.4044	-1.12904
0.0405226	-0.689121	-0.144658	-0.71006	1	-20.8418	-1.88471
0.0629384	-0.529179	-0.0633972	-0.846138	1	-19.988	-1.53876
0.0303086	-0.6938	-0.0338125	-0.719373	1	-20.4724	-1.51236
0.00451113	-0.423625	-0.13952	-0.895029	1	-19.9002	-1.59604
0.00868206	-0.514586	-0.063873	-0.855056	1	-19.8848	-1.54674
0.0288374	-0.33952	-0.0254518	-0.940254	1	-19.6577	-1.46734
0.00318847	-0.469778	0.0750494	-0.879588	1	-19.8628	-1.398
0.0417098	-0.543828	-0.0545786	-0.83742	1	-20.04	-1.50853
0.00458442	-0.500248	0.0239855	-0.86555	1	-19.9617	-1.42507
0.00731529	-0.491399	-0.126064	-0.861763	1	-19.9589	-1.53451
0.0161611	-0.51826	-0.062361	-0.852947	1	-19.9826	-1.48452
0.00422677	-0.529771	-0.0468799	-0.846844	1	-19.9862	-1.48487
0.0665364	-0.440011	-0.048861	-0.896662	1	-19.8688	-1.48404
0.00905005	-0.340806	-0.0456418	-0.939025	1	-19.7523	-1.44231
0.0516598	-0.536199	-0.00621971	-0.844068	1	-20.0106	-1.41726
0.0108896	-0.706679	-0.180794	-0.684045	1	-20.214	-1.54668
0.00375843	-0.545985	-0.0497036	-0.836319	1	-20.0331	-1.45414
0.00414516	-0.617363	-0.279669	-0.735288	1	-20.1064	-1.57555
0.0292824	-0.634153	0.113517	-0.764829	1	-20.0813	-1.43788
0.0104325	-0.544927	-0.0533649	-0.836784	1	-20.0162	-1.48834
0.0381342	-0.432895	-0.0181057	-0.901263	1	-19.944	-1.44102
0.0144239	-0.320453	-0.207236	-0.924317	1	-19.8384	-1.58464
0.0174738	-0.529263	-0.0716695	-0.845426	1	-19.9965	-1.51201
0.00399599	-0.438964	-0.482231	-0.758131	1	-20.0288	-1.59691
0.0143901	-0.445092	0.0900319	-0.890948	1	-19.8842	-1.3192
0.0114329	-0.48646	0.0269832	-0.873286	1	-19.9309	-1.40181
0.00376405	-0.574883	0.0170157	-0.818059	1	-20.039	-1.44913
0.00464991	-0.587462	-0.0715841	-0.806079	1	-20.0443	-1.46863
0.00582	-0.551211	0.0230731	-0.834047	1	-20.0274	-1.44553
0.0598365	-0.508361	-0.096711	-0.855696	1	-19.9516	-1.54142
0.00969002	-0.454984	0.0733352	-0.887475	1	-19.8724	-1.30583
0.00708683	-0.514288	0.0108262	-0.857549	1	-19.9683	-1.40912
0.00670155	-0.605711	-0.064444	-0.79307	1	-20.1032	-1.51067
0.021923	-0.599291	-0.0073706	-0.800497	1	-20.0957	-1.47885
0.0928018	-0.535526	-0.0466186	-0.843231	1	-20.0176	-1.50294
0.00606698	-0.497691	0.000201838	-0.867355	1	-19.4663	-1.0112
0.0367621	-0.500716	-0.00722159	-0.865582	1	-19.4669	-1.01235
0.0313103	-0.533314	0.167319	-0.829205	1	-19.9606	-1.44273
0.0123652	-0.601607	0.0334646	-0.798091	1	-20.4144	-0.98346
0.00340393	-0.0353619	0.134138	-0.990331	1	-19.1651	-1.47144
0.00584749	-0.14012	0.0469895	-0.989019	1	-19.4718	-1.14131
0.0339045	-0.461505	-0.105193	-0.880879	1	-19.4767	-1.65924
0.00325935	-0.367681	0.0568385	-0.928213	1	-19.0292	-1.29842
0.0109989	-0.267577	-0.117273	-0.956373	1	-18.9976	-1.33769
0.0469615	-0.525297	-0.023072	-0.850606	1	-19.969	-1.35791
0.0399217	-0.618197	-0.0299282	-0.785453	1	-20.1205	-1.33005
0.0176296	-0.491375	-0.0304468	-0.870416	1	-20.0172	-1.29844
0.0502289	-0.677045	-0.212686	-0.704538	1	-20.506	-2.28029
0.146078	-0.549223	-0.231286	-0.803032	1	-20.3697	-2.26907
0.0114534	-0.587934	-0.214378	-0.779985	1	-20.4206	-2.26004
0.0438413	-0.637254	0.000944479	-0.770653	1	-20.9627	-1.32202
0.00369892	-0.432418	-0.0207117	-0.901436	1	-19.8216	-1.40202
0.0372386	-0.393736	-0.063757	-0.91701	1	-19.5291	-1.54147
0.0142024	-0.464541	0.601694	-0.649743	1	-20.2959	-0.529594
0.0115074	-0.656167	0.019937	-0.754352	1	-20.0679	-1.19128
0.00349616	0.287906	0.210881	-0.934152	1	-19.6518	-1.16477
0.0395274	-0.316786	-0.270187	-0.9092	1	-19.9351	-1.47134
0.00355748	-0.406891	-0.0838358	-0.909621	1	-19.9995	-1.34416
0.0330316	-0.536545	0.0259813	-0.843472	1	-20.1322	-1.22958
0.03858	-0.444592	0.109075	-0.889067	1	-19.9383	-0.770275
0.00453063	-0.626008	0.384098	-0.678662	1	-20.0803	-0.597506
0.00787583	-0.446436	0.00958466	-0.894764	1	-18.2772	-2.37285
0.0111593	-0.479511	0.30595	-0.822474	1	-19.8827	-0.482255
0.0114715	-0.609365	-0.27598	-0.74331	1	-20.0681	-1.48389
0.0181327	-0.46624	0.0253982	-0.884294	1	-19.7341	-1.39014
0.00425675	-0.806354	0.277288	-0.522402	1	-20.4685	-1.21279
0.00885078	-0.307223	0.358335	-0.881595	1	-19.7665	-1.00283
0.0353768	-0.376567	-0.0952089	-0.921484	1	-19.3346	-1.17719
0.0098681	-0.494311	-0.184826	-0.849409	1	-19.1018	-2.24176
0.127258	-0.642462	-0.0116449	-0.766229	1	-21.1478	-1.07066
0.00490415	-0.634398	-0.0116998	-0.772918	1	-21.1273	-1.07058
0.00922274	-0.453602	-0.0341792	-0.890549	1	-20.2679	-1.60445
0.011255	-0.565319	-0.0898668	-0.819963	1	-20.0363	-1.52441
0.00417542	-0.462764	-0.220227	-0.858691	1	-19.9429	-1.50472
0.0768857	-0.45612	0.0439223	-0.888834	1	-19.9128	-1.40098
0.00675429	-0.539738	0.0259683	-0.841433	1	-20.0057	-1.39425
0.00403304	-0.408397	0.160222	-0.898633	1	-19.8961	-1.26461
0.00689628	-0.463929	-0.044402	-0.884759	1	-19.993	-1.47126
0.0136766	-0.574219	-0.0436736	-0.817536	1	-20.0772	-1.46914
0.0170854	-0.569292	-0.134736	-0.81102	1	-20.079	-1.5533
0.00550254	-0.409187	0.569734	-0.712719	1	-19.9813	-0.905481
0.00327009	-0.742032	-0.0314893	-0.669625	1	-20.0546	-1.45599
0.0318688	-0.629647	0.0225592	-0.776554	1	-20.0466	-1.45273
0.00904969	-0.544135	-0.0553179	-0.837172	1	-20.0224	-1.46784
0.0121511	-0.337665	-0.104157	-0.935486	1	-19.85	-1.50111
0.032998	-0.4866	0.0181236	-0.873437	1	-19.9258	-1.39781
0.0044712	-0.372398	-0.17601	-0.91123	1	-19.6206	-1.35153
0.00568817	-0.715443	0.216291	-0.664349	1	-20.6639	-0.862996
0.0603339	-0.614206	-0.1384	-0.776915	1	-20.6209	-1.9351
0.00472774	-0.654026	-0.180116	-0.734716	1	-20.0587	-1.37682
0.0325932	-0.477468	0.0537352	-0.877005	1	-19.5807	-0.933075
0.044481	-0.511708	-0.171166	-0.841936	1	-19.7864	-1.70292
0.00604314	-0.351231	0.195599	-0.91563	1	-19.7308	-1.35465
0.0233366	-0.435137	0.194584	-0.879086	1	-19.7157	-0.850208
0.0244242	-0.668222	0.0339866	-0.743186	1	-20.2974	-1.2658
0.00479576	-0.280399	-0.325242	-0.903102	1	-19.8185	-1.63791
0.0085767	-0.594505	0.142957	-0.791282	1	-19.9707	-1.30732
0.00676753	-0.192789	-0.0130815	-0.981153	1	-19.8307	-1.40157
0.0492182	-0.540059	-0.0338717	-0.840945	1	-20.0433	-1.4213
0.00526069	-0.12532	-0.00206715	-0.992114	1	-19.3399	-1.27477
0.0133346	-0.554524	0.0147822	-0.832036	1	-20.0498	-1.40008
0.00653177	-0.323673	0.0280217	-0.945754	1	-19.9185	-1.41836
0.0416866	-0.533564	-0.0312536	-0.845182	1	-20.0305	-1.4268
0.00633491	-0.608405	-0.0491815	-0.792101	1	-19.975	-1.69492
0.0169527	-0.542447	-0.131005	-0.829813	1	-19.9599	-1.37211
0.254246	-0.539937	-0.0365931	-0.840909	1	-20.0525	-1.42376
0.00334171	-0.0392138	0.214021	-0.976042	1	-19.3096	-1.04609
0.103076	-0.51959	-0.0584361	-0.852415	1	-19.9489	-1.50046
0.00887192	-0.500322	-0.00730209	-0.865809	1	-19.986	-1.38125
0.00822565	-0.407972	0.165565	-0.897857	1	-19.9913	-1.33817
0.00515148	-0.348558	-0.0674064	-0.93486	1	-19.6375	-1.37364
0.0885984	-0.461541	-0.033593	-0.886482	1	-19.7003	-1.42123
0.00528831	0.214142	-0.199119	-0.956292	1	-19.0683	-1.97482
0.00430497	-0.493232	-0.0985582	-0.864297	1	-20.463	-1.0898
0.0368921	-0.525503	-0.0298648	-0.850267	1	-20.5295	-1.16469
0.0390104	-0.386931	-0.0759134	-0.918979	1	-20.493	-1.25329
0.102776	-0.677382	-0.0451866	-0.734243	1	-21.3926	-0.723143
0.0111413	-0.3793	0.0165087	-0.925126	1	-19.7118	-0.533645
0.00466118	-0.51234	0.141929	-0.846974	1	-20.1182	-0.86786
0.051601	-0.601531	-0.0127761	-0.798747	1	-20.5683	-1.34707
0.0155787	-0.38706	-0.175596	-0.90518	1	-19.577	-1.89588
0.0190677	-0.661993	-0.122352	-0.739456	1	-20.2184	-1.7882
0.0218079	-0.461679	-0.150115	-0.874253	1	-19.6694	-1.96659
0.00522112	-0.609475	0.214211	-0.763318	1	-19.8477	-1.64913
0.003091	-0.596285	0.0518012	-0.8011	1	-19.6936	-1.93242
0.0456821	-0.384847	-0.10405	-0.917097	1	-19.5738	-1.93263
0.0239762	-0.548508	-0.0817946	-0.832135	1	-19.6615	-1.94116
0.0263436	-0.45248	-0.0993497	-0.886223	1	-19.6284	-1.94349
0.0390951	-0.432687	-0.152496	-0.888553	1	-19.6169	-1.97492
0.00834549	-0.511373	-0.15286	-0.845654	1	-19.7131	-2.02603
0.0177238	-0.452604	-0.0537286	-0.890091	1	-19.6626	-1.88634
0.0195227	-0.528774	-0.208568	-0.822738	1	-19.7565	-2.02229
0.00900732	-0.459395	-0.113263	-0.880981	1	-19.6716	-1.93086
0.0112114	-0.436311	-0.152213	-0.886828	1	-19.6267	-1.97182
0.03174	-0.182396	-0.633024	-0.752338	1	-19.414	-3.03229
0.0360778	-0.253979	-0.630026	-0.733868	1	-19.5191	-3.014
0.00320576	-0.255833	-0.594742	-0.762123	1	-19.5186	-3.0096
0.0120648	-0.252944	-0.618638	-0.743845	1	-19.5187	-3.01173
0.131245	-0.252096	-0.62092	-0.74223	1	-19.5185	-3.0119
0.00324781	-0.234726	-0.620226	-0.74848	1	-19.5167	-3.01132
0.148797	-0.903703	-0.0297437	-0.427126	1	-20.7258	-1.61238
0.100482	-0.0272905	0.457272	-0.888908	1	-20.5423	-1.56099
0.0203087	-0.942995	0.22589	-0.244405	1	-22.2945	-0.951326
0.00498905	-0.942807	0.0243232	-0.332449	1	-22.0364	-1.11945
0.0102035	-0.871409	0.193905	-0.450607	1	-21.7361	-1.10808
0.0438739	-0.91938	0.213472	-0.330409	1	-22.0187	-1.04054
0.0240628	-0.910697	0.0496068	-0.410086	1	-21.431	-1.3717
0.0544618	-0.879973	0.128996	-0.457173	1	-21.3149	-1.32179
0.00306713	-0.631345	0.558684	-0.537844	1	-21.3652	-1.2782
0.00490783	-0.813856	0.362451	-0.454167	1	-21.2485	-1.05126
0.00616978	-0.835931	0.146083	-0.529035	1	-21.0942	-1.35826
0.00956388	-0.560342	0.0465755	-0.826951	1	-19.5848	-1.26223
0.0194621	-0.53001	0.0601183	-0.845858	1	-19.5814	-1.26145
0.0153903	-0.537495	0.0482995	-0.841882	1	-19.5848	-1.26416
0.0161077	-0.549826	0.054541	-0.833497	1	-19.592	-1.26028
0.00892925	-0.475161	0.0588552	-0.877928	1	-19.5551	-1.26003
0.0663203	-0.563256	-0.0380935	-0.825404	1	-20.2525	-1.42259
0.00990301	-0.514854	-0.0545333	-0.855542	1	-19.9392	-1.46683
0.0052591	-0.129213	-0.0473473	-0.990486	1	-19.4764	-1.17741
0.0086277	-0.433873	0.0943465	-0.89602	1	-19.4353	-1.04529
0.0352288	-0.181751	-0.122816	-0.975645	1	-18.3399	-2.36608
0.00310412	-0.184028	0.362247	-0.913735	1	-19.9244	-1.63428
0.0044012	0.0514461	0.688691	-0.723227	1	-21.3096	-0.981694
0.00334393	-0.54886	0.0991589	-0.830012	1	-20.1314	-1.29323
0.0837402	-0.610683	-0.00056017	-0.791875	1	-20.1807	-1.28053
0.0037448	-0.628611	-0.244323	-0.738345	1	-20.5989	-1.49811
0.0443232	-0.556125	0.054663	-0.829299	1	-20.1346	-1.28456
0.00661361	-0.163959	-0.559902	-0.812174	1	-18.8795	-2.91033
0.194079	-0.424812	-0.27301	-0.863134	1	-19.7128	-1.89206
0.00629354	-0.425278	-0.274208	-0.862524	1	-19.7128	-1.89205
0.0293572	-0.425006	-0.276291	-0.861994	1	-19.7128	-1.89211
0.00619513	-0.425866	-0.277772	-0.861093	1	-19.7128	-1.89218
0.0435249	-0.432066	-0.275923	-0.858595	1	-19.7132	-1.89201
0.00634613	-0.243767	-0.765152	-0.59592	1	-19.4127	-2.16889
0.0199031	-0.282334	-0.0745987	-0.956411	1	-19.6662	-1.54059
0.00597071	-0.0157175	0.483995	-0.87493	1	-19.7953	-1.50647
0.0155176	-0.476416	-0.0444798	-0.878094	1	-19.8092	-1.52519
0.0124247	-0.389141	-0.221304	-0.8942	1	-19.6999	-1.8805
0.0189622	-0.447247	-0.254568	-0.857418	1	-19.7783	-1.8913
0.00932767	-0.112455	-0.165791	-0.979728	1	-19.2861	-1.59093
0.00782475	-0.110273	-0.111212	-0.98766	1	-19.2879	-1.57779
0.0636108	-0.190606	-0.0581433	-0.979943	1	-19.3004	-1.56997
0.0114287	-0.208311	-0.0760699	-0.9751	1	-19.3084	-1.57349
0.0718003	-0.205745	-0.086639	-0.974763	1	-19.3046	-1.57412
0.00567323	-0.419736	0.0736814	-0.904651	1	-19.3598	-1.55234
0.00616779	-0.370045	-0.0422456	-0.928053	1	-19.3488	-1.5622
0.108043	-0.191489	-0.0864303	-0.977682	1	-19.2976	-1.57822
0.0683629	-0.191029	-0.0914881	-0.977312	1	-19.2974	-1.58064
0.363956	-0.198014	-0.0865776	-0.976368	1	-19.3009	-1.57833
0.0274097	-0.195558	0.00625717	-0.980672	1	-19.2995	-1.48788
0.0303454	-0.0723406	-0.00965933	-0.997333	1	-19.2792	-1.49083
0.00358098	-0.501976	0.181275	-0.845671	1	-19.4145	-1.46466
0.0225075	-0.679854	0.045878	-0.731911	1	-19.512	-1.48143
0.0160613	-0.219457	-0.0806011	-0.972287	1	-19.3805	-1.50708
0.0117088	-0.278484	-0.188974	-0.941667	1	-19.4009	-1.50302
0.0149499	-0.471233	-0.033417	-0.881375	1	-19.4051	-1.49049
0.0308807	-0.336098	-0.0650256	-0.939579	1	-19.4008	-1.49083
0.0103469	-0.245994	0.0334562	-0.968694	1	-19.395	-1.48455
0.00444145	-0.572794	0.040842	-0.818681	1	-19.4534	-1.48127
0.00304535	-0.259664	-0.0308929	-0.965205	1	-19.3948	-1.48748
0.392536	-0.247981	-0.0390304	-0.967978	1	-19.3891	-1.49134
0.0190776	-0.421129	0.0480343	-0.905728	1	-19.4262	-1.47145
0.0131963	-0.0337937	0.285477	-0.95779	1	-19.36	-1.44866
0.00407063	-0.0734688	0.166112	-0.983366	1	-19.3642	-1.46238
0.00593748	-0.0673953	-0.212051	-0.974932	1	-19.2573	-1.53626
0.00671644	-0.253924	0.255896	-0.932759	1	-19.3803	-1.27245
0.0244597	-0.607546	-0.0190066	-0.794057	1	-19.8737	-1.40091
0.0161483	-0.779933	0.0268885	-0.625285	1	-20.6695	-1.32248
0.0451617	-0.501868	0.00396486	-0.864935	1	-19.7287	-1.36147
0.0335444	-0.516187	-0.176779	-0.838033	1	-19.7194	-2.13056
0.0035092	0.0446343	-0.309999	-0.949689	1	-19.1327	-1.23409
0.0337683	-0.505604	-0.102047	-0.856709	1	-20.1352	-1.26122
0.0420238	-0.553881	-0.0370472	-0.831771	1	-20.2721	-1.14676
0.00928469	-0.803999	-0.0831442	-0.58879	1	-20.5302	-1.3341
0.00350357	-0.45414	-0.401373	-0.795397	1	-20.1706	-1.6297
0.00638418	-0.586057	-0.0468227	-0.808916	1	-20.3401	-1.15102
0.0175188	-0.621265	0.00650977	-0.783573	1	-20.4755	-1.07936
0.00688264	-0.363153	-0.543303	-0.756929	1	-19.5132	-2.72762
0.00786813	-0.424933	0.346999	-0.836077	1	-20.3827	-1.2354
0.0189438	-0.492419	-0.0974234	-0.864889	1	-19.8875	-2.00923
0.009732	-0.15278	0.756011	-0.636479	1	-17.3694	4.4524
0.00817974	-0.0932862	0.629421	-0.771445	1	-17.3381	4.05046
0.00827926	-0.636213	-0.293072	-0.713682	1	-19.9107	-2.40193
0.0308134	-0.470425	-0.24035	-0.849077	1	-19.8459	-2.37448
0.0416471	-0.525175	-0.15052	-0.837577	1	-19.8681	-2.33946
0.0428301	-0.524729	-0.131403	-0.841066	1	-19.864	-2.32482
0.00380125	-0.531344	-0.126445	-0.837667	1	-19.8704	-2.32193
0.00488658	-0.642552	-0.00875053	-0.766192	1	-20.778	-1.89991
0.0137546	-0.183649	0.0931549	-0.978568	1	-18.917	-1.05527
0.0974984	-0.299418	0.184122	-0.936188	1	-19.0393	-0.826199
0.0354377	-0.267091	0.0980096	-0.958674	1	-18.9554	-1.01424
0.00739357	-0.370807	0.118842	-0.921075	1	-17.2779	-2.37229
0.00648545	-0.0984323	-0.260561	-0.960426	1	-17.2385	-2.42412
0.0494513	-0.587717	-0.0794057	-0.805161	1	-20.3879	-1.72585
0.0142215	-0.428639	-0.0887889	-0.899102	1	-19.8734	-1.65849
0.0112574	-0.329187	0.0154365	-0.944139	1	-19.4069	-1.3663
0.0390391	-0.470555	0.0281053	-0.881923	1	-19.8787	-1.41778
0.00870544	-0.544043	-0.0893943	-0.834282	1	-20.0308	-1.56194
0.00751403	-0.591955	-0.124314	-0.796326	1	-20.056	-1.61467
0.00337796	-0.331996	0.22808	-0.915291	1	-20.0039	-1.58043
0.00620623	-0.416615	0.145614	-0.897345	1	-19.9771	-1.52533
0.00582029	-0.798416	0.00893197	-0.60204	1	-20.7023	-1.39649
0.00670255	-0.498709	0.259178	-0.827113	1	-20.0337	-1.28548
0.00992454	-0.320765	-0.684383	-0.654775	1	-20.4257	-2.67814
0.00980164	-0.459219	-0.0762319	-0.885046	1	-19.7345	-1.47589
0.0944618	-0.522957	-0.0410403	-0.851371	1	-19.9159	-1.42876
0.0304951	-0.383779	0.03005	-0.922936	1	-19.6915	-1.21754
0.0373165	-0.533264	0.0101626	-0.845888	1	-19.9372	-1.22001
0.0360787	-0.500634	-0.0440565	-0.864537	1	-19.8816	-1.28273
0.00347218	-0.404055	-0.350204	-0.845043	1	-19.6803	-1.71361
0.00765273	-0.706941	0.0469914	-0.70571	1	-19.9483	-1.55227
0.0197403	-0.445681	-0.140422	-0.88411	1	-20.0628	-1.37358
0.0119633	-0.468776	-0.0539341	-0.881669	1	-19.6567	-1.53922
0.00658144	-0.415064	-0.026141	-0.909417	1	-19.8938	-1.76362
0.00740206	-0.537033	-0.103333	-0.837209	1	-19.7791	-1.72568
0.0118673	-0.55792	-0.123531	-0.820649	1	-19.803	-1.61192
0.00586018	-0.581861	-0.185546	-0.79184	1	-20.4445	-1.35537
0.0527552	-0.62042	0.0553378	-0.782315	1	-20.4177	-1.20527
0.00307293	-0.332575	-0.0146651	-0.942963	1	-19.9265	-1.43
0.003171	-0.781124	0.0584145	-0.621637	1	-20.4982	-1.19457
0.00711791	-0.628663	0.108917	-0.770013	1	-20.4204	-1.14554
0.0148784	-0.629122	0.12233	-0.76762	1	-20.4217	-1.13911
0.0142048	-0.583685	0.0737324	-0.808626	1	-20.3868	-1.16339
0.0270526	-0.584927	0.0329258	-0.810417	1	-20.35	-1.19781
0.0276371	-0.646313	-0.064679	-0.760327	1	-20.5039	-1.30586
0.0118275	-0.674277	-0.0383871	-0.73748	1	-20.5226	-1.29651
0.0186995	-0.523471	-0.124512	-0.842897	1	-20.1789	-1.40258
0.0574586	-0.52508	-0.143149	-0.838928	1	-19.881	-1.59452
0.0216332	-0.493882	-0.0442141	-0.868404	1	-19.8187	-1.43643
0.100208	-0.488167	0.0556388	-0.870975	1	-19.8226	-1.04253
0.0067852	-0.189703	-0.52115	-0.832115	1	-19.8229	-2.7278
0.00575146	-0.268223	-0.338189	-0.902045	1	-19.2777	-2.30253
0.0107134	-0.627543	-0.104812	-0.771495	1	-20.3314	-1.77638
0.0162517	-0.593359	-0.197608	-0.780306	1	-20.4595	-2.06465
0.0119667	-0.595336	-0.0911711	-0.798288	1	-20.3572	-1.79446
0.0699534	-0.511498	0.0385215	-0.858421	1	-20.0177	-1.30801
0.0168852	-0.521567	-0.0132	-0.853108	1	-20.0303	-1.36191
0.02284	-0.500222	-0.106551	-0.859317	1	-19.959	-1.59255
0.0687906	-0.584407	-0.139367	-0.799403	1	-20.1315	-1.61795
0.0160543	-0.557525	-0.137775	-0.818647	1	-20.0991	-1.61299
0.0214823	-0.471831	-0.167712	-0.865591	1	-19.9687	-1.57694
0.00579613	-0.509028	-0.169663	-0.843863	1	-20.0174	-1.60181
0.0049092	-0.480944	-0.259898	-0.837344	1	-20.0177	-1.5266
0.0663146	-0.57999	0.000431652	-0.814624	1	-20.1384	-1.43177
0.00376726	-0.150102	0.0569326	-0.98703	1	-19.9188	-1.41616
0.19087	-0.566547	-0.0394828	-0.823083	1	-20.1252	-1.45988
0.0282591	-0.454873	-0.152848	-0.877341	1	-19.8978	-1.53367
0.00667616	-0.578926	-0.103072	-0.808839	1	-20.1376	-1.92314
0.0174807	-0.48497	-0.00962454	-0.874478	1	-19.8961	-1.40223
0.0175428	-0.532716	-0.0984507	-0.840548	1	-20.066	-1.54927
0.00363595	-0.717456	-0.253094	-0.648999	1	-20.3	-1.62809
0.0111672	-0.559274	-0.155009	-0.814362	1	-20.2295	-1.48957
0.0598376	-0.547561	-0.052719	-0.835103	1	-20.0828	-1.4892
0.00377855	-0.895363	-0.135727	-0.424149	1	-20.4601	-1.25617
0.021601	-0.500934	-0.13015	-0.855644	1	-20.004	-1.6217
0.0258893	-0.377814	-0.0621193	-0.923795	1	-19.8944	-1.48229
0.0136334	-0.563776	0.0409243	-0.824913	1	-20.095	-1.40326
0.00308707	-0.319249	0.159627	-0.93413	1	-19.9544	-1.39914
0.0174133	-0.505995	-0.0599545	-0.86045	1	-20.0066	-1.49453
0.0075285	-0.473522	-0.0610121	-0.878666	1	-19.969	-1.49426
0.0400669	-0.483332	-0.0711452	-0.872541	1	-19.9808	-1.50377
0.00350758	-0.454919	-0.256675	-0.852741	1	-19.98	-1.52592
0.00367894	-0.537299	-0.0426423	-0.842313	1	-20.037	-1.51324
0.00455794	-0.410744	-0.188981	-0.891951	1	-20.0311	-1.51914
0.00517992	-0.530822	-0.102546	-0.841257	1	-20.0315	-1.50942
0.00666448	-0.13266	0.152562	-0.97935	1	-19.7661	-1.34797
0.0109147	-0.623545	0.195481	-0.756954	1	-20.2746	-1.40637
0.0143478	-0.431641	0.0777082	-0.898692	1	-19.9814	-1.40646
0.0444255	-0.549175	0.0872979	-0.831135	1	-20.0805	-1.41754
0.0349231	-0.559373	-0.0980161	-0.823101	1	-20.0885	-1.52762
0.00356172	-0.392298	0.449068	-0.80277	1	-19.9972	-1.1579
0.00399132	-0.244158	0.0397739	-0.968919	1	-19.7866	-1.40648
0.00942283	-0.565119	-0.00239623	-0.825006	1	-20.1639	-1.47368
0.0219376	-0.63918	-0.223112	-0.735983	1	-20.2891	-1.68615
0.00637965	-0.629155	0.3662	-0.68561	1	-20.2108	-1.37888
0.152521	-0.592959	-0.0386867	-0.804303	1	-20.1754	-1.49617
0.0038357	-0.263777	-0.0039831	-0.964575	1	-19.9906	-1.46248
0.0297389	-0.575277	-0.000344302	-0.817959	1	-20.0375	-1.40296
0.0202466	-0.533314	0.0143624	-0.845796	1	-20.0169	-1.40938
0.0224085	-0.531928	-0.000416988	-0.846789	1	-20.0059	-1.41209
0.010886	-0.398617	-0.165287	-0.9021	1	-19.9836	-1.443
0.00831334	-0.531586	-0.0846643	-0.842762	1	-20.0012	-1.45975
0.00886417	-0.321204	-0.181167	-0.929519	1	-19.8737	-1.49942
0.00633753	-0.534453	-0.036905	-0.844392	1	-19.9878	-1.43406
0.014685	-0.520895	-0.0643878	-0.851189	1	-19.9894	-1.44294
0.00725911	-0.444261	-0.0116	-0.895822	1	-19.915	-1.40544
0.00522866	-0.429833	-0.413697	-0.802557	1	-20.1066	-1.59002
0.0163784	-0.692538	-0.134023	-0.708822	1	-20.1931	-1.63714
0.00943949	-0.557971	-0.315813	-0.767418	1	-20.0982	-1.85325
1.26537	-0.317063	-0.0470835	-0.947235	1	-19.7254	-1.41111
0.0567765	-0.316326	-0.0525339	-0.947195	1	-19.7253	-1.41305
0.0839803	-0.313957	-0.0390169	-0.948635	1	-19.724	-1.40731
0.00457361	-0.385829	-0.0826209	-0.918863	1	-19.731	-1.4247
0.00638516	-0.376017	-0.0915283	-0.922081	1	-19.7309	-1.42479
0.00315168	-0.32964	-0.0991242	-0.938889	1	-19.7287	-1.42458
0.00459296	-0.316692	-0.0702172	-0.945926	1	-19.7206	-1.42227
0.00622044	0.0909805	-0.336015	-0.937452	1	-19.635	-1.43861
0.0105358	0.484616	-0.249567	-0.838369	1	-19.6077	-1.44553
0.0129003	-0.306344	-0.0439564	-0.950906	1	-19.7195	-1.41021
0.00399012	-0.0652491	-0.248324	-0.966477	1	-19.6933	-1.44583
0.0559098	-0.337957	-0.0980308	-0.936042	1	-19.7263	-1.42107
0.0105813	0.2527	-0.224567	-0.941123	1	-19.3139	-1.52028
0.0109487	-0.497904	-0.00305127	-0.867227	1	-19.9213	-1.39914
0.019452	-0.259163	-0.217845	-0.940945	1	-19.7321	-1.5498
0.00366668	0.0197737	-0.180586	-0.98336	1	-19.6439	-1.53839
0.105734	-0.348725	-0.15776	-0.923852	1	-19.7578	-1.53343
0.0389128	-0.355719	-0.154466	-0.92174	1	-19.7611	-1.53217
0.00518178	-0.487336	-0.0265171	-0.872812	1	-19.7898	-1.49941
0.0670288	-0.339589	-0.166679	-0.925687	1	-19.7576	-1.53677
0.00549406	-0.258433	-0.236593	-0.936609	1	-19.7	-1.57715
0.0114336	-0.271746	-0.205314	-0.940213	1	-19.7153	-1.5552
0.102734	-0.295513	-0.225592	-0.928321	1	-19.7223	-1.56205
0.0155129	-0.194651	-0.323958	-0.925831	1	-19.7261	-1.5404
0.0111826	-0.310637	-0.161658	-0.936681	1	-19.7257	-1.53281
0.0131139	-0.274169	-0.183843	-0.943945	1	-19.7191	-1.51874
0.00941549	-0.280821	-0.238037	-0.929773	1	-19.7206	-1.54462
0.0366313	-0.310846	-0.161809	-0.936585	1	-19.7256	-1.5327
0.00746669	-0.260311	-0.499019	-0.82657	1	-19.7574	-1.65275
0.0187539	-0.334494	-0.124771	-0.934102	1	-19.738	-1.51152
0.00503069	-0.352316	-0.0547092	-0.934281	1	-19.7414	-1.49894
0.00378891	-0.308897	-0.153116	-0.93869	1	-19.7239	-1.52715
0.00618978	-0.0234783	-0.0248148	-0.999416	1	-19.6451	-1.49724
0.0227436	0.113474	0.0850395	-0.989895	1	-19.2978	-1.29791
0.0155683	-0.384906	0.6859	-0.617567	1	-19.9192	-0.205199
0.0035045	-0.251676	-0.315386	-0.914981	1	-19.9884	-1.45957
0.0445814	-0.517805	-0.0670632	-0.852866	1	-19.9988	-1.4471
0.0099417	-0.571881	-0.0737772	-0.817012	1	-20.0122	-1.44885
0.168284	-0.565451	-0.0651372	-0.822206	1	-20.0106	-1.44715
0.0548207	-0.542037	-0.0875808	-0.835778	1	-20.0038	-1.45148
0.0111193	-0.524217	-0.0815055	-0.847675	1	-19.9977	-1.44974
0.00309099	-0.313198	0.0806175	-0.94626	1	-19.9871	-1.44538
0.00849913	-0.528499	-0.0665857	-0.846319	1	-20.003	-1.44266
0.0036644	-0.434462	-0.042636	-0.89968	1	-18.9544	-1.30558
0.00741148	-0.414604	0.420082	-0.807239	1	-18.957	-1.23239
0.0166366	-0.347559	0.324801	-0.879606	1	-18.9345	-1.26003
0.00740586	-0.270238	0.0330745	-0.962225	1	-18.9053	-1.34868
0.0334662	-0.215353	-0.0194513	-0.976342	1	-18.8829	-1.36896
0.133963	-0.477097	0.050167	-0.877417	1	-19.8612	-1.17445
0.975644	-0.516667	0.0521547	-0.854597	1	-19.9337	-1.16917
0.00709906	-0.420417	0.629652	-0.65329	1	-20.4218	0.00602049
0.00350235	-0.549291	-0.222527	-0.805457	1	-19.7184	-1.51274
0.030522	-0.329399	0.0156369	-0.944061	1	-19.5084	-1.42074
0.00644562	-0.479922	-0.247217	-0.841759	1	-19.6917	-1.57148
0.00347486	-0.215289	-0.186336	-0.958608	1	-19.691	-1.45446
0.00384763	-0.508984	-0.0199878	-0.860544	1	-19.6867	-1.45488
0.0155054	-0.260536	0.274615	-0.925585	1	-19.4191	-1.16817
0.0107781	-0.624168	-0.145043	-0.767708	1	-20.5267	-1.8741
0.0215046	-0.595476	-0.0808169	-0.799298	1	-20.4749	-1.82797
0.0380644	-0.61834	-0.0840081	-0.781408	1	-20.5208	-1.84553
0.0367918	-0.617392	-0.114996	-0.778205	1	-20.4982	-1.85292
0.00673131	-0.622266	-0.344881	-0.70274	1	-20.5285	-1.92263
0.0454588	-0.613854	-0.1853	-0.767364	1	-20.511	-1.88392
0.0209103	-0.601725	-0.208273	-0.771071	1	-20.5086	-1.88857
0.0215415	-0.659179	-0.176621	-0.73095	1	-20.5309	-1.88341
0.00324957	-0.622058	-0.165027	-0.765382	1	-20.5139	-1.87858
0.110708	-0.633421	-0.155533	-0.758015	1	-20.5193	-1.8761
0.0159299	-0.606514	-0.0948729	-0.789392	1	-20.4988	-1.85408
0.0129176	-0.737833	-0.223748	-0.63682	1	-20.5621	-1.88704
0.0371781	-0.556971	0.0344767	-0.829816	1	-20.1526	-1.15834
0.00312295	-0.319048	-0.259063	-0.911644	1	-20.096	-1.24145
0.00689641	-0.582848	0.0762357	-0.808997	1	-20.15	-1.21234
0.00387996	-0.56706	0.360946	-0.740379	1	-20.25	-1.20141
0.00312871	-0.735658	-0.294297	-0.610079	1	-20.1816	-1.83089
0.0124074	-0.743212	0.370945	-0.556808	1	-20.7391	-0.710059
0.0103093	-0.614656	0.114771	-0.780401	1	-20.3985	-1.11062
0.0633401	-0.557699	-0.0965825	-0.824405	1	-20.1109	-1.72149
0.00319062	-0.373528	-0.274226	-0.886158	1	-19.8564	-2.01271
0.00636343	-0.538775	-0.074522	-0.839147	1	-20.0855	-1.7545
0.00649714	-0.184482	-0.450554	-0.87348	1	-20.0825	-1.82681
0.00584299	-0.0471772	-0.569472	-0.820656	1	-20.0001	-1.85052
0.00376941	-0.172825	-0.316976	-0.932554	1	-20.0183	-1.80494
0.00310095	-0.531504	-0.163438	-0.831139	1	-20.0843	-1.79209
0.00453257	-0.558444	-0.0870504	-0.824962	1	-20.0975	-1.75862
0.0104595	-0.439914	0.0903147	-0.893487	1	-19.8522	-1.07149
0.00305609	-0.328289	-0.310725	-0.892007	1	-20.3624	-1.76776
0.0110592	-0.60422	-0.272569	-0.748749	1	-20.0996	-1.72229
0.00927193	0.0650546	-0.304411	-0.950317	1	-19.4658	-1.66928
0.01072	-0.511491	-0.0565005	-0.857429	1	-19.96	-1.47694
0.00808282	-0.430862	-0.048928	-0.901091	1	-19.8801	-1.47622
0.00805223	-0.493534	-0.133088	-0.859483	1	-19.9929	-1.53684
0.00436282	-0.602942	0.312455	-0.734052	1	-20.1428	-1.22283
0.00602015	-0.303957	0.217931	-0.927425	1	-19.8455	-1.27337
0.0295568	-0.52315	-0.0624423	-0.84995	1	-19.9989	-1.49778
0.00466126	-0.636862	-0.0429944	-0.769778	1	-20.0694	-1.49526
0.00337493	-0.736941	-0.344163	-0.581782	1	-20.2077	-1.71386
0.00694987	-0.319552	0.0769287	-0.944441	1	-19.8447	-1.34963
0.00477596	-0.482377	0.18305	-0.856625	1	-19.9943	-1.29789
0.0381061	-0.433891	-0.235504	-0.869641	1	-19.7327	-1.95936
0.00515231	0.0881669	-0.567703	-0.818499	1	-18.865	-2.48829
0.0122108	-0.352794	-0.0930483	-0.931063	1	-19.6553	-1.53482
0.00594592	-0.425235	-0.184687	-0.88604	1	-19.9971	-1.53415
0.00309099	-0.511608	-0.0946195	-0.853993	1	-20.0405	-1.48264
0.0147788	-0.603609	-0.0536657	-0.795472	1	-20.2781	-1.5126
0.00664445	-0.551385	0.0454197	-0.833014	1	-20.0398	-1.42319
0.0598317	-0.536113	-0.0653527	-0.841612	1	-20.0271	-1.51178
0.0147668	-0.498123	-0.164994	-0.851264	1	-19.8456	-1.53425
0.0117162	-0.606422	-0.217615	-0.764785	1	-20.2206	-1.74529
0.0065538	-0.545118	-0.129793	-0.828251	1	-20.0298	-1.55244
0.087121	-0.578389	-0.0556059	-0.813864	1	-20.0665	-1.49066
0.0082019	-0.466406	0.0940109	-0.879561	1	-20.0154	-1.37212
0.012417	-0.54951	-0.0277118	-0.835027	1	-20.0722	-1.43138
0.0227996	-0.521214	-0.0674438	-0.850757	1	-19.9742	-1.46666
0.00314907	-0.593785	-0.0180276	-0.804422	1	-20.0651	-1.66367
0.00922741	-0.696934	-0.0554523	-0.714989	1	-20.165	-1.65437
0.0065172	-0.589625	-0.0450414	-0.80642	1	-20.1742	-1.45663
0.178972	-0.511875	-0.0322719	-0.858453	1	-20.0014	-1.48483
0.0167044	-0.508561	-0.0245517	-0.860676	1	-19.9985	-1.47964
0.00677784	-0.458396	-0.230618	-0.858306	1	-19.9904	-1.51948
0.0238124	-0.509042	-0.341652	-0.790032	1	-20.0233	-1.61618
0.00494046	-0.00191311	-0.413712	-0.910406	1	-19.9228	-1.58161
0.00601116	-0.6452	-0.0508567	-0.76232	1	-20.0314	-1.57474
0.0120513	-0.496534	-0.0585501	-0.86604	1	-19.9771	-1.55241
0.318551	-0.544527	-0.0394493	-0.837815	1	-20.0498	-1.46094
0.0109404	-0.474409	-0.180041	-0.861697	1	-20.015	-1.48499
0.00320709	-0.406595	0.0198322	-0.913393	1	-19.9359	-1.43863
0.0103627	-0.226507	0.123203	-0.966186	1	-19.8592	-1.40868
0.0231646	-0.636992	0.104213	-0.763794	1	-20.1154	-1.27874
0.00339682	-0.495474	-0.187599	-0.848123	1	-19.9385	-1.49776
0.00771933	-0.368268	0.0127445	-0.929632	1	-19.928	-1.48406
0.0216593	-0.537878	-0.0284111	-0.842544	1	-20.0115	-1.48215
0.00338167	-0.458458	-0.48418	-0.745242	1	-20.005	-1.6032
0.0115755	-0.464116	0.138438	-0.874889	1	-20.0208	-1.25015
0.00950435	-0.549215	0.0687672	-0.832847	1	-20.0422	-1.34312
0.00635251	-0.586483	0.110981	-0.802322	1	-19.9779	-1.45535
0.00784835	-0.452029	-0.11151	-0.885006	1	-20.0117	-1.50512
0.0106866	-0.474733	-0.109377	-0.873307	1	-20.0123	-1.5053
0.00666617	-0.482241	-0.0755292	-0.872776	1	-20.0039	-1.49956
0.011005	-0.546902	-0.0687203	-0.834371	1	-20.0251	-1.49891
0.00341826	-0.706686	0.346299	-0.616986	1	-20.0193	-1.48587
0.0127714	-0.646597	0.000275275	-0.762832	1	-20.0081	-1.45843
0.00568306	-0.3423	0.105092	-0.933695	1	-19.9679	-1.44114
0.00543255	-0.38906	0.0730975	-0.918308	1	-19.9738	-1.44448
0.0110116	-0.370622	0.122191	-0.920711	1	-19.9713	-1.43671
0.00743796	-0.512609	0.00990482	-0.858565	1	-20.0043	-1.46546
0.0281138	-0.478707	-0.021466	-0.877712	1	-19.9877	-1.47794
0.00677405	-0.595167	0.127707	-0.79339	1	-20.0181	-1.45559
0.0416306	-0.584353	-0.0754004	-0.807989	1	-20.013	-1.48865
0.00894908	-0.540011	-0.04347	-0.840535	1	-20.0265	-1.48544
0.00829756	-0.448133	-0.164599	-0.878683	1	-19.9781	-1.53575
0.00320096	-0.553307	-0.184066	-0.812386	1	-20.019	-1.51177
0.0116445	-0.399421	-0.267217	-0.876959	1	-20.0038	-1.51941
0.0352453	-0.526261	-0.266904	-0.807349	1	-20.0387	-1.62545
0.016617	-0.446517	0.170386	-0.878403	1	-19.9593	-1.36401
0.0768047	-0.539171	-0.0495776	-0.840736	1	-20.0246	-1.48909
0.00465991	-0.500913	-0.0542366	-0.863796	1	-20.0144	-1.49811
0.00382521	-0.604488	-0.0954157	-0.790879	1	-20.0804	-1.51909
0.00501447	-0.623609	-0.116935	-0.772941	1	-20.0966	-1.53052
0.00392234	-0.346605	0.0024646	-0.938008	1	-19.9296	-1.45461
0.00322791	-0.520343	-0.0180986	-0.853766	1	-20.0187	-1.47723
0.0103255	-0.514907	-0.0255741	-0.856865	1	-20.0181	-1.47781
0.00581386	-0.51949	-0.027605	-0.85403	1	-20.0186	-1.47799
0.0114409	-0.511871	-0.0360663	-0.858305	1	-20.0177	-1.4787
0.0108321	-0.53566	-0.0435447	-0.84331	1	-20.0223	-1.48077
0.0121663	-0.392789	0.124266	-0.911194	1	-19.9925	-1.45211
0.0061516	-0.659844	-0.217499	-0.719236	1	-20.258	-1.68962
0.00469996	-0.821839	-0.234538	-0.519203	1	-20.1852	-1.78012
0.00424476	-0.391425	0.064655	-0.917936	1	-19.918	-1.40963
0.00541356	-0.459699	0.171845	-0.87129	1	-19.9595	-1.36628
0.020128	-0.481646	0.107556	-0.869741	1	-19.966	-1.39914
0.0242283	-0.552536	0.00227929	-0.833486	1	-20.0355	-1.4402
0.0033404	-0.432847	-0.0358475	-0.900754	1	-19.9975	-1.45926
0.0179902	-0.516857	-0.0610686	-0.853891	1	-19.9957	-1.4882
0.0371981	-0.548047	-0.0912403	-0.831457	1	-20.0406	-1.52082
0.00526668	-0.536549	-0.0681087	-0.841116	1	-20.0126	-1.48357
0.00917109	-0.546744	-0.0782257	-0.833637	1	-20.0139	-1.48455
0.0146178	-0.531551	-0.00716239	-0.846996	1	-20.014	-1.44486
0.00405709	-0.337311	0.054406	-0.93982	1	-19.9178	-1.40623
0.00748288	-0.547982	0.022095	-0.836198	1	-20.0579	-1.30612
0.00399287	-0.623819	-0.279553	-0.729863	1	-20.1677	-1.64241
0.0745922	-0.536023	-0.0508983	-0.842668	1	-20.0239	-1.48978
0.0157671	-0.528746	-0.0191554	-0.848564	1	-19.9984	-1.39592
0.00563786	-0.413814	0.172486	-0.893872	1	-19.8991	-1.34489
0.0119914	-0.374969	0.139485	-0.916484	1	-19.9941	-1.34938
0.00580503	-0.627915	-0.0707512	-0.77506	1	-20.0205	-1.51139
0.0107721	-0.452764	-0.0637802	-0.889346	1	-19.9296	-1.49831
0.0161626	-0.502803	-0.0555862	-0.862612	1	-19.9545	-1.48135
0.00478104	-0.483491	-0.0529185	-0.873749	1	-19.9353	-1.48901
0.0099288	-0.442789	-0.224566	-0.868049	1	-19.8927	-1.53606
0.00892475	-0.668089	0.000287092	-0.744081	1	-20.1297	-1.45941
0.00371656	-0.348398	0.361026	-0.865031	1	-19.8747	-1.24634
0.00881114	-0.341332	0.268027	-0.900918	1	-19.825	-1.17023
0.00317648	-0.582283	-0.278175	-0.763915	1	-20.1195	-1.6393
0.0244869	-0.591508	-0.0184273	-0.806088	1	-20.1152	-1.45118
0.0667437	-0.509972	-0.114802	-0.852496	1	-20.0075	-1.55405
0.0534073	-0.555922	-0.0259336	-0.83083	1	-20.0814	-1.43141
0.0151468	-0.538726	-0.0417563	-0.841446	1	-20.0316	-1.46143
0.00742943	-0.457422	-0.260718	-0.850172	1	-20.2963	-1.61522
0.0071411	-0.581198	-0.0836705	-0.809449	1	-20.0232	-1.47517
0.00348948	-0.545421	-0.0827949	-0.834063	1	-20.0199	-1.47447
0.0121428	-0.531637	-0.0504109	-0.845471	1	-20.0157	-1.46996
0.0187045	-0.535111	-0.0363136	-0.844001	1	-20.0164	-1.46707
0.183507	-0.517669	-0.0356116	-0.85484	1	-20.0092	-1.46691
0.00755187	-0.582084	0.459478	-0.670864	1	-20.0499	-1.38645
0.0187614	-0.623011	0.273307	-0.732912	1	-20.039	-1.40618
0.00638054	-0.63348	-0.0404075	-0.772703	1	-20.0453	-1.46216
0.00534186	-0.524443	-0.0289173	-0.850954	1	-20.012	-1.46283
0.00373282	-0.525092	-0.0752201	-0.847715	1	-20.0149	-1.48979
0.0375658	-0.538936	-0.0449522	-0.841146	1	-20.0261	-1.47473
0.0246609	-0.534557	-0.0468563	-0.843832	1	-20.0194	-1.47648
0.0138569	-0.533235	-0.0505913	-0.844453	1	-20.0173	-1.48066
0.599924	-0.529243	-0.0372492	-0.847652	1	-20.0124	-1.46581
0.068105	-0.557331	-0.0397028	-0.82934	1	-20.023	-1.46928
0.00555804	-0.523693	-0.0398588	-0.850974	1	-20.0174	-1.46876
0.0249764	-0.52222	-0.0502768	-0.851327	1	-20.0168	-1.47041
0.0172563	-0.582514	0.0131041	-0.812715	1	-20.0598	-1.44216
0.087019	-0.437837	-0.0130007	-0.89896	1	-19.9074	-1.44346
0.0113248	-0.34419	0.0755696	-0.935854	1	-19.6136	-1.43495
0.0583591	-0.596693	-0.048316	-0.801014	1	-20.1162	-1.47815
0.0243273	-0.0905319	-0.211648	-0.973144	1	-19.6158	-1.59286
0.00536063	-0.645723	-0.0643425	-0.760856	1	-20.0834	-1.46643
0.0300337	-0.589885	-0.0674296	-0.804667	1	-20.0715	-1.45832
0.034026	-0.604767	-0.0181209	-0.796196	1	-20.0772	-1.44492
0.00910146	-0.594426	-0.0199112	-0.803904	1	-20.0711	-1.44312
0.0131021	-0.545926	-0.0369821	-0.837017	1	-20.0244	-1.45995
0.00363092	-0.489829	0.456562	-0.74271	1	-19.848	-1.42634
0.00436853	-0.2802	0.0615388	-0.957967	1	-19.7661	-1.36937
0.105402	-0.533148	-0.0454754	-0.844799	1	-20.0129	-1.47251
0.028055	-0.567359	-0.0869296	-0.81887	1	-20.0477	-1.50459
0.0180542	-0.569796	-0.0383013	-0.820893	1	-20.0485	-1.4672
0.0107987	-0.125243	-0.0820355	-0.988729	1	-19.8358	-1.4729
0.0221071	-0.64272	-0.061766	-0.763607	1	-20.1052	-1.50323
0.00928782	-0.46331	-0.0300203	-0.885688	1	-20.009	-1.4765
0.033801	-0.426387	-0.161233	-0.890055	1	-19.9478	-1.50858
0.00482514	-0.346621	0.433196	-0.831983	1	-20.0151	-1.4789
0.00442885	-0.726691	-0.183918	-0.661887	1	-19.9716	-1.48401
0.00654046	-0.509904	-0.0357844	-0.859487	1	-19.9879	-1.46194
0.0413643	-0.518474	0.0919603	-0.850134	1	-20.0044	-1.43182
0.426667	-0.537212	-0.04926	-0.842008	1	-20.0211	-1.48028
0.0249477	-0.540087	-0.0218601	-0.841326	1	-20.0298	-1.43136
0.00329633	-0.591327	-0.179589	-0.786181	1	-19.8249	-1.55738
0.447629	-0.506841	-0.0612042	-0.859864	1	-19.955	-1.49753
0.00352432	-0.518443	-0.0227091	-0.854811	1	-19.9872	-1.4459
0.00700268	-0.456262	-0.0194844	-0.889632	1	-20.0177	-1.5253
0.0159748	-0.498375	0.011551	-0.866885	1	-20.0009	-1.48012
0.0220942	-0.479159	-0.085105	-0.873592	1	-19.9981	-1.49062
0.0172793	-0.521857	-0.0387273	-0.852154	1	-20.006	-1.48159
0.0209585	-0.458397	-0.089319	-0.884248	1	-20.0108	-1.49457
0.111121	-0.575762	-0.0765791	-0.814023	1	-20.0405	-1.49265
0.00317377	-0.529676	-0.291099	-0.796684	1	-20.0326	-1.49416
0.239077	-0.548625	-0.0508689	-0.834519	1	-20.0302	-1.48608
0.0877176	-0.554221	-0.052837	-0.830691	1	-20.0329	-1.48683
0.0169577	-0.459279	-0.131074	-0.878568	1	-20.0115	-1.49293
0.00713764	-0.559977	-0.0781945	-0.82481	1	-20.0295	-1.48762
0.00813737	-0.570301	-0.0679658	-0.818619	1	-20.0271	-1.49137
0.00861274	-0.556772	-0.09164	-0.825595	1	-20.0265	-1.49221
0.00873526	-0.57139	-0.0830459	-0.816466	1	-20.0285	-1.49202
0.00355945	-0.537499	-0.0522909	-0.841641	1	-20.0226	-1.48848
0.00531246	-0.534425	-0.0513112	-0.843657	1	-20.022	-1.4883
0.0200487	-0.545555	-0.0450282	-0.836865	1	-20.0247	-1.48731
0.0103809	-0.532428	-0.049221	-0.845043	1	-20.0214	-1.48798
0.0217541	-0.529723	-0.048439	-0.846786	1	-20.0218	-1.49028
0.00389178	-0.531461	-0.0537015	-0.845379	1	-20.0218	-1.49029
0.115476	-0.533811	-0.0481516	-0.844232	1	-20.0218	-1.49022
0.0878586	-0.521927	-0.0539362	-0.851283	1	-20.0214	-1.49035
0.0476692	-0.523776	-0.0619333	-0.849601	1	-20.0216	-1.49084
0.00500404	-0.710762	-0.193088	-0.676413	1	-20.017	-1.45776
0.00332998	-0.54402	-0.00505317	-0.839057	1	-20.0139	-1.441
0.031534	-0.553034	-0.0938772	-0.827853	1	-20.0134	-1.46434
0.00426669	-0.5585	-0.0873972	-0.824888	1	-20.0148	-1.46334
0.0215543	-0.514426	-0.0325864	-0.856915	1	-20.0009	-1.45132
0.217739	-0.517719	-0.035111	-0.85483	1	-20.0019	-1.45193
0.0355739	-0.508745	-0.0390857	-0.86003	1	-19.9223	-1.44616
0.00792128	-0.588535	0.0751236	-0.804974	1	-20.1414	-0.967183
0.0135776	-0.629228	-0.122829	-0.767454	1	-20.3815	-1.64252
0.013508	-0.532809	-0.0490099	-0.844815	1	-20.0098	-1.48011
0.00608704	-0.314486	-0.371977	-0.873345	1	-19.6841	-2.06999
0.00374313	-0.84053	0.159086	-0.517881	1	-20.3544	-1.41707
0.0560566	-0.494543	-0.0655487	-0.866678	1	-19.8863	-1.49719
0.0251506	-0.511968	-0.0282737	-0.858539	1	-19.9355	-1.41496
0.0149693	-0.495759	0.0560711	-0.866648	1	-19.9926	-1.36949
0.00964017	-0.537446	-0.00543024	-0.843281	1	-20.0512	-1.42473
0.0269383	-0.55563	0.0174081	-0.831247	1	-20.0729	-1.40635
0.0402894	-0.576578	0.0155101	-0.816895	1	-20.1002	-1.40759
0.0383981	-0.561079	-0.0348659	-0.827028	1	-20.0754	-1.46063
0.0264035	-0.569109	-0.0250398	-0.821881	1	-20.0594	-1.46195
0.121453	-0.532027	-0.0548998	-0.844946	1	-20.029	-1.48597
0.00347803	-0.285568	0.33608	-0.897497	1	-20.0482	-1.31784
0.00528938	-0.244595	0.198415	-0.949108	1	-20.0332	-1.35837
0.00651349	-0.625683	0.108291	-0.772524	1	-20.1924	-1.37819
0.00419723	-0.713048	0.272049	-0.646183	1	-20.038	-1.27795
0.00965018	-0.717945	0.0499755	-0.694304	1	-20.2623	-1.39696
0.00582998	-0.649285	0.0370735	-0.759641	1	-20.1806	-1.41147
0.00914067	-0.62604	-0.0157217	-0.779632	1	-20.1542	-1.44958
0.00502216	-0.632151	-0.0901789	-0.76958	1	-20.1651	-1.50894
0.0238526	-0.615222	-0.0264438	-0.787911	1	-20.1395	-1.45685
0.0354392	-0.550313	-0.0740318	-0.83167	1	-20.052	-1.50657
0.0117559	-0.344765	-0.146235	-0.927228	1	-20.0201	-1.47803
0.0266354	-0.63028	-0.0240287	-0.775996	1	-20.1422	-1.47039
0.00366454	-0.386936	-0.237031	-0.891121	1	-20.0551	-1.57293
0.0169758	-0.563845	-0.0606231	-0.823653	1	-20.087	-1.51193
0.0901678	-0.4776	0.0242946	-0.878241	1	-19.9134	-1.37307
0.00303791	-0.472302	-0.600287	-0.645435	1	-20.0607	-1.64731
0.0142904	-0.34249	-0.0733097	-0.936657	1	-19.7851	-1.50391
0.00681948	-0.350983	-0.268182	-0.897156	1	-19.7618	-1.66857
0.00764364	0.415988	-0.520716	-0.745526	1	-18.3832	-2.17073
0.00366541	-0.573819	0.152597	-0.80464	1	-20.3199	-1.13942
0.00583346	-0.273521	2.37435e-05	-0.961866	1	-19.9633	-0.996378
0.0389634	-0.466825	-0.100868	-0.878578	1	-19.7438	-1.61549
0.0366961	-0.379442	-0.125157	-0.916711	1	-19.7104	-1.56486
0.0138575	-0.274623	0.091483	-0.95719	1	-19.6974	-1.37993
0.00896399	-0.358879	0.0828338	-0.929701	1	-19.7434	-1.38286
0.0237132	-0.591186	-0.0372243	-0.805675	1	-20.0765	-1.50672
0.00563749	-0.792596	-0.117386	-0.598342	1	-20.0834	-1.51612
0.00761946	-0.66933	-0.186585	-0.719155	1	-20.14	-1.67458
0.0152717	-0.348791	0.0286245	-0.936763	1	-19.6592	-1.39361
0.0245013	-0.46093	-0.0424923	-0.886419	1	-19.8119	-1.44388
0.21515	-0.540685	-0.0548367	-0.839436	1	-19.9649	-1.5083
0.011276	-0.531761	-0.0383717	-0.846025	1	-19.9355	-1.47164
0.0138908	-0.177795	0.05097	-0.982747	1	-19.8333	-1.50437
0.011127	-0.515062	-0.0946441	-0.851912	1	-19.8447	-1.50255
0.0140543	-0.533674	0.0348337	-0.844972	1	-19.9691	-1.26793
0.00948799	-0.506361	-0.0722328	-0.859291	1	-19.8874	-1.52181
0.0459956	-0.509723	-0.0692643	-0.857546	1	-19.8876	-1.52165
0.00527644	-0.515723	-0.0614098	-0.854551	1	-19.8891	-1.52121
0.0413455	-0.646417	0.0503642	-0.76132	1	-20.3143	-1.30505
0.125528	-0.459248	-0.0369152	-0.887541	1	-19.8115	-1.41483
0.0346646	-0.495002	-0.000416324	-0.868892	1	-19.8554	-1.38035
0.0151482	-0.467538	0.159915	-0.869388	1	-19.8707	-1.20658
0.00325329	-0.484752	0.115409	-0.867004	1	-19.893	-1.25871
0.10501	-0.536566	-0.0477661	-0.842505	1	-19.9297	-1.48575
0.0272455	-0.5371	-0.101597	-0.837378	1	-20.1529	-1.65204
0.00720765	-0.411772	-0.162419	-0.896696	1	-20.0708	-1.69517
0.022817	-0.694746	0.0668154	-0.716145	1	-20.6917	-1.22067
0.00985774	-0.517193	-0.0699712	-0.853004	1	-19.9933	-1.56148
0.00364613	-0.625749	-0.0953549	-0.774175	1	-20.0865	-1.54369
0.0116698	-0.266686	-0.122334	-0.955988	1	-19.8853	-1.45466
0.012565	-0.553978	-0.138759	-0.820886	1	-20.1728	-1.76207
0.0060014	-0.520279	-0.215875	-0.826261	1	-20.0561	-1.66705
0.00683151	-0.524352	-0.176357	-0.833038	1	-20.0561	-1.66675
0.0119434	-0.526886	-0.208776	-0.823895	1	-20.0667	-1.66892
0.00661433	-0.330186	-0.121961	-0.936003	1	-20.1232	-1.54226
0.0488145	-0.60764	-0.26057	-0.750252	1	-20.1837	-1.71704
0.00315522	-0.541531	-0.0931108	-0.835509	1	-20.0999	-1.5948
0.0102389	-0.537804	-0.0802923	-0.839238	1	-20.0952	-1.58459
0.0188137	-0.549051	-0.0672929	-0.833075	1	-20.1007	-1.56971
0.23992	-0.550004	-0.0652467	-0.832609	1	-20.1022	-1.56314
0.0330625	-0.504127	-0.0300709	-0.863106	1	-20.0549	-1.57012
0.00643912	-0.630048	-0.0434168	-0.775342	1	-20.091	-1.58209
0.0061178	-0.528279	-0.105336	-0.842512	1	-20.0783	-1.59633
0.00421207	-0.594902	-0.344867	-0.726057	1	-20.1276	-1.64136
0.00428133	-0.528923	-0.1364	-0.837637	1	-20.0929	-1.58306
0.0401768	-0.407408	-0.00425635	-0.913236	1	-19.8456	-1.49649
0.0809986	-0.500806	-0.0894848	-0.860921	1	-20.0629	-1.58443
0.0203442	-0.56305	-0.0834607	-0.822198	1	-20.0935	-1.58361
0.0123873	-0.556982	-0.145605	-0.817661	1	-20.1128	-1.56511
0.0170292	-0.361586	0.0788421	-0.928999	1	-19.9574	-1.41308
0.0288434	-0.627363	-0.0774271	-0.774868	1	-20.1759	-1.51222
0.0069595	-0.58514	-0.0598279	-0.808722	1	-20.1443	-1.50412
0.00808893	-0.372221	-0.0761145	-0.925018	1	-19.8263	-1.50411
0.0114233	-0.467307	-0.00133863	-0.884094	1	-19.887	-1.3149
0.0111747	-0.526413	0.0244525	-0.849877	1	-19.9769	-1.30893
0.00554319	-0.590259	0.0477897	-0.805798	1	-19.9792	-1.30836
0.0213127	-0.584006	0.0653096	-0.809118	1	-19.9821	-1.30663
0.00627302	-0.528096	0.00270946	-0.84918	1	-19.9734	-1.31381
0.00961844	-0.570207	0.0284201	-0.821009	1	-19.9964	-1.30247
0.00552389	-0.518726	0.071355	-0.851958	1	-19.8784	-1.24015
0.0486936	-0.534003	-0.0058896	-0.845462	1	-19.9753	-1.31816
0.0046925	-0.334229	-0.435975	-0.835594	1	-19.7318	-1.77155
0.0135386	0.329132	-0.49036	-0.806981	1	-18.9624	-1.69658
0.0292401	0.528968	-0.0948139	-0.843329	1	-18.8655	-1.43004
0.00555236	0.532866	-0.141243	-0.834329	1	-18.8579	-1.46799
0.0411569	-0.517857	-0.0515555	-0.853912	1	-19.9497	-1.36206
0.0363203	-0.528895	-0.0141448	-0.848569	1	-19.968	-1.33099
0.0866984	-0.557969	0.0196395	-0.82963	1	-19.9866	-1.31477
0.0805094	-0.517909	0.0282532	-0.854969	1	-19.9694	-1.26884
0.0678454	-0.451967	0.0929414	-0.88718	1	-19.844	-1.20085
0.00829078	-0.506801	-0.0814709	-0.858205	1	-19.7724	-1.42004
0.00794435	-0.584023	-0.471275	-0.660922	1	-20.1378	-1.92844
0.0116004	-0.338187	0.0362955	-0.940379	1	-19.8365	-1.27705
0.0244689	-0.413489	0.0883707	-0.90621	1	-19.8619	-1.25231
0.00600514	-0.511269	0.0051595	-0.859405	1	-19.9322	-1.30092
0.0207878	-0.699786	0.0549323	-0.712238	1	-20.2679	-1.25513
0.0125159	-0.515535	-0.00484871	-0.856855	1	-19.9533	-1.32489
0.0251382	-0.658936	-0.154272	-0.736209	1	-20.1415	-1.48442
0.0235584	-0.524778	-0.0141045	-0.851122	1	-19.9594	-1.33142
0.0522246	-0.503227	0.0275007	-0.863717	1	-19.9322	-1.29336
0.00913086	-0.526249	-0.398497	-0.751174	1	-20.1206	-1.76013
0.0051231	-0.528664	-0.163584	-0.832919	1	-19.9535	-1.56384
0.00988232	-0.254889	0.514539	-0.818707	1	-19.9405	-1.23844
0.00501431	-0.605838	0.0289965	-0.795059	1	-19.989	-1.31108
0.0774959	-0.531567	-0.00212804	-0.847014	1	-19.9677	-1.31746
0.0415085	-0.580283	-0.072959	-0.81114	1	-19.9794	-1.3333
0.00724933	-0.665459	-0.110941	-0.738144	1	-20.2455	-1.42756
0.014226	-0.564976	-0.0655021	-0.822503	1	-20.0004	-1.27207
0.00307858	-0.562632	-0.0181344	-0.826509	1	-19.9961	-1.26597
0.0168289	-0.536899	-0.000529799	-0.843646	1	-19.9851	-1.26113
0.017759	-0.517029	0.0220605	-0.855684	1	-19.9763	-1.25391
0.0307028	-0.562198	-0.0922113	-0.821846	1	-20.0515	-1.41095
0.0117295	-0.457417	-0.0264053	-0.88886	1	-19.7968	-1.42513
0.00340002	-0.4241	-0.353852	-0.833623	1	-19.9209	-1.46875
0.0118241	-0.503593	0.0262934	-0.863541	1	-19.9219	-1.35128
0.0359611	-0.585649	0.00229423	-0.810562	1	-19.9646	-1.35971
0.00310471	-0.544661	0.00877724	-0.83861	1	-19.9407	-1.3584
0.00737566	-0.461469	0.117096	-0.879395	1	-19.7495	-1.44827
0.00390987	-0.629064	-0.0533173	-0.775523	1	-20.0422	-1.91494
0.00749078	-0.494997	-0.0551892	-0.86714	1	-19.7802	-1.65444
0.0400852	-0.489981	-0.161756	-0.856594	1	-19.7739	-1.69732
0.051002	-0.503694	-0.133636	-0.853483	1	-19.7823	-1.67995
0.0373163	-0.514699	-0.136477	-0.846439	1	-19.7927	-1.68258
0.115204	-0.433783	-0.0488533	-0.899692	1	-19.718	-1.61639
0.0138583	-0.533599	-0.0749029	-0.842414	1	-19.8131	-1.63521
0.0277443	-0.48618	-0.201739	-0.850253	1	-19.8232	-1.55668
0.0161051	-0.529418	-0.0543698	-0.846617	1	-19.8743	-1.4377
0.0110587	-0.479938	0.0810656	-0.873549	1	-19.7622	-1.24615
0.0610451	-0.488256	-0.0455342	-0.871512	1	-19.7603	-1.43549
0.0143334	-0.432653	-0.0883751	-0.897218	1	-19.6708	-1.47924
0.0177793	-0.508852	0.146283	-0.848334	1	-19.7754	-1.21067
0.0113784	-0.406594	0.0185102	-0.913421	1	-19.5628	-1.31298
0.00575599	-0.250587	0.0441133	-0.967089	1	-19.5371	-1.35755
0.424093	-0.569624	-0.095982	-0.816282	1	-20.2487	-1.64748
0.0127838	-0.458399	-0.203205	-0.865204	1	-20.1272	-1.60799
0.0031878	-0.65057	0.670056	-0.357469	1	-21.3089	0.282039
0.00919476	-0.465816	-0.0327192	-0.884276	1	-19.9429	-1.47178
0.00675269	-0.442858	-0.158918	-0.882395	1	-19.9451	-1.44409
0.00403002	-0.563074	0.0401742	-0.825429	1	-20.1907	-1.54883
0.00683472	-0.508115	0.0661959	-0.858742	1	-20.1189	-1.36407
0.0236721	-0.626265	-0.0482428	-0.778116	1	-20.2085	-1.43672
0.003075	-0.185158	-0.480077	-0.857463	1	-20.112	-1.50878
0.0263638	-0.607714	-0.0422199	-0.793033	1	-20.2197	-1.44143
0.0540103	-0.634149	-0.0089641	-0.773159	1	-20.3456	-1.3882
0.00886013	-0.633444	-0.0772028	-0.769928	1	-20.2153	-1.39559
0.107431	-0.590837	-0.133724	-0.795632	1	-20.1974	-1.55422
0.0033787	-0.653436	-0.0859013	-0.752092	1	-20.3965	-1.53644
0.00300488	-0.136083	0.602979	-0.786064	1	-19.8745	-1.15051
0.0141545	-0.421536	-0.0309245	-0.906284	1	-19.8537	-1.37635
0.0115684	-0.355778	-0.110371	-0.92803	1	-19.9955	-1.35994
0.00365318	-0.563395	0.0218682	-0.825898	1	-20.0947	-1.32009
0.00756367	-0.54158	-0.0131136	-0.840547	1	-20.069	-1.34885
0.00438467	-0.877916	-0.340153	-0.336987	1	-20.4336	-1.51035
0.0132817	-0.686939	0.011336	-0.726627	1	-20.1666	-1.32059
0.0249632	-0.542749	0.106159	-0.833159	1	-20.0744	-1.27596
0.0030343	-0.530717	0.0139036	-0.847435	1	-20.0638	-1.3246
0.0253229	-0.54119	0.0230046	-0.840586	1	-20.0723	-1.31935
0.00557469	-0.463043	0.103046	-0.880325	1	-20.0953	-1.29191
0.0115806	-0.573206	0.132517	-0.808625	1	-20.1053	-1.28935
0.0157431	-0.561382	0.090703	-0.822571	1	-20.1005	-1.29797
0.00654579	-0.586845	0.0972965	-0.803832	1	-20.1092	-1.29605
0.0159234	-0.583493	0.0981059	-0.806171	1	-20.1078	-1.29591
0.0331811	-0.562561	0.0596338	-0.824602	1	-20.0982	-1.30738
0.0770284	-0.557172	0.00273583	-0.830393	1	-20.094	-1.33287
0.00812598	-0.558039	0.00372686	-0.829806	1	-20.0947	-1.33257
0.0330291	-0.549605	-0.0153727	-0.835283	1	-20.0911	-1.33484
0.0222891	-0.510279	0.0547459	-0.858264	1	-19.9913	-1.27792
0.0129927	-0.584398	-0.0514741	-0.809833	1	-20.053	-1.3188
0.0143245	-0.584408	-0.0633338	-0.808985	1	-20.0532	-1.31956
0.00590898	-0.545144	-0.0211938	-0.838075	1	-20.0487	-1.31604
0.015304	-0.454585	-0.0182635	-0.890516	1	-20.026	-1.32934
0.00427604	-0.533839	-0.385632	-0.752532	1	-20.1772	-1.40968
0.00392582	-0.514312	-0.139992	-0.8461	1	-20.2615	-2.40867
0.00993058	-0.429288	-0.287171	-0.856297	1	-20.2381	-2.44609
0.0208332	-0.727119	-0.235088	-0.645005	1	-20.2919	-1.34163
0.00498193	-0.316127	-0.462308	-0.828453	1	-20.2211	-1.36001
0.00725721	-0.716032	-0.113415	-0.688793	1	-20.2688	-1.30396
0.00494675	-0.576831	0.102156	-0.810451	1	-20.2364	-1.27096
0.00865756	-0.623426	0.0566255	-0.779829	1	-20.2612	-1.28569
0.00905153	-0.588087	0.0194201	-0.808565	1	-20.2313	-1.30244
0.0453265	-0.603502	0.153267	-0.782492	1	-20.2421	-1.24608
0.0148282	-0.56525	0.0495816	-0.823428	1	-20.2156	-1.28738
0.130502	-0.58591	0.0250612	-0.809989	1	-20.2295	-1.29876
0.286814	-0.584928	0.00944951	-0.81103	1	-20.2256	-1.31588
0.0045001	-0.30852	-0.341123	-0.887947	1	-20.0184	-1.42456
0.00315619	-0.278702	-0.452964	-0.846846	1	-19.9619	-1.64935
0.0580058	-0.515915	-0.128369	-0.846967	1	-20.0376	-1.55223
0.00357563	-0.521306	-0.115492	-0.845518	1	-20.0404	-1.5464
0.0104922	-0.51332	-0.119915	-0.849778	1	-20.0356	-1.54549
0.0162087	-0.66174	-0.0790967	-0.74555	1	-20.3976	-1.43006
0.0102948	-0.526486	-0.0481569	-0.848819	1	-20.0256	-1.46122
0.0809397	-0.528518	-0.052125	-0.847321	1	-20.0304	-1.46777
0.00301062	-0.801261	-0.435576	-0.410189	1	-20.308	-1.62141
0.011087	-0.565941	-0.0130383	-0.824343	1	-20.0704	-1.42454
0.0118081	-0.544443	-0.0157535	-0.83865	1	-20.0694	-1.42442
0.0136305	-0.521137	-0.0185325	-0.853272	1	-20.0673	-1.42461
0.0350207	-0.617565	0.00428733	-0.786508	1	-20.1008	-1.40043
0.0551626	-0.547199	-0.0149347	-0.83687	1	-20.0582	-1.42172
0.0124709	-0.591206	-0.0794578	-0.802597	1	-20.1491	-1.49912
0.0256445	-0.510344	0.0585736	-0.857973	1	-20.0411	-1.36628
0.00435965	-0.231848	0.0893623	-0.968639	1	-19.9264	-1.3786
0.00717293	-0.481898	0.201709	-0.852695	1	-19.9721	-1.41816
0.00302336	-0.481183	0.0116178	-0.876543	1	-19.9685	-1.46964
0.00617358	-0.486477	-0.0411707	-0.872723	1	-19.917	-1.46374
0.0120085	-0.491915	-0.0526414	-0.86905	1	-19.9277	-1.47266
0.0469911	-0.533795	0.0287551	-0.845125	1	-20.0124	-1.41289
0.00717862	-0.592406	-0.0156488	-0.805488	1	-20.1484	-1.44104
0.0288916	-0.565124	-0.0155898	-0.824858	1	-20.1043	-1.37769
0.0181364	-0.574275	-0.00759658	-0.818627	1	-20.1264	-1.39207
0.0178518	-0.572811	-0.0111	-0.819612	1	-20.1253	-1.39454
0.00449315	-0.120307	0.142157	-0.982506	1	-19.9992	-1.35947
0.00635255	-0.590338	-0.191674	-0.784068	1	-20.1391	-1.41901
0.00301797	-0.553075	-0.00237634	-0.833128	1	-20.1159	-1.38923
0.00557383	-0.568229	-0.022425	-0.822565	1	-20.1254	-1.3984
0.00620714	-0.596865	-0.0138772	-0.802222	1	-20.1461	-1.39433
0.0189588	-0.563691	-0.00470038	-0.825973	1	-20.1159	-1.39532
0.00841368	-0.63189	-0.0235751	-0.7747	1	-20.1356	-1.40138
0.00653818	-0.612428	-0.0187212	-0.790304	1	-20.1327	-1.40102
0.104768	-0.681956	-0.147625	-0.71634	1	-20.1239	-1.40676
0.00338543	-0.66451	-0.105602	-0.73978	1	-20.1228	-1.40539
0.00341247	-0.570911	-0.0755961	-0.817524	1	-20.1122	-1.40195
0.0063057	-0.548746	0.0157369	-0.835841	1	-20.1059	-1.38889
0.0111704	-0.654561	-0.0688192	-0.752871	1	-20.1246	-1.4125
0.372796	-0.573228	-0.0841203	-0.815067	1	-20.1197	-1.41286
0.0065111	-0.655677	0.287836	-0.698024	1	-20.1415	-1.3616
0.0123879	-0.543029	0.0640028	-0.837271	1	-20.1177	-1.39378
0.109219	-0.571615	-0.0201444	-0.820275	1	-20.1189	-1.39975
0.108477	-0.571424	-0.0211017	-0.820384	1	-20.1189	-1.40007
0.00968446	-0.57171	-0.0223491	-0.820151	1	-20.119	-1.4005
0.00514348	-0.683654	0.176475	-0.708148	1	-20.2162	-1.29314
0.00743942	-0.548173	0.0473536	-0.835024	1	-20.1008	-1.35499
0.00564575	-0.325151	0.555384	-0.765392	1	-20.1464	-1.16482
0.0328452	-0.670852	0.0402701	-0.740497	1	-20.2352	-1.36902
0.0188234	-0.55712	-0.0136038	-0.830321	1	-20.1081	-1.39543
0.0293095	-0.571656	-0.0657595	-0.817854	1	-20.1157	-1.4123
0.0282135	-0.555761	-0.0374287	-0.830499	1	-20.1079	-1.40283
0.00436886	-0.33383	-0.423101	-0.842344	1	-20.048	-1.49654
0.0121418	-0.582839	0.0598724	-0.810379	1	-20.1156	-1.37553
0.00311229	-0.481866	-0.356309	-0.80053	1	-20.0925	-1.48286
0.00304575	-0.557941	0.0117751	-0.829797	1	-20.1088	-1.38233
1.58522	-0.55836	-0.0160233	-0.829444	1	-20.1086	-1.39709
0.0126867	-0.560425	-0.187065	-0.806803	1	-20.1061	-1.49751
0.0139574	-0.541432	-0.10744	-0.833852	1	-20.096	-1.45293
0.0151224	-0.386664	-0.0891347	-0.917903	1	-20.0158	-1.44343
0.0226279	-0.555274	-0.0137768	-0.831553	1	-20.1055	-1.39553
0.00847708	-0.110416	-0.473275	-0.873968	1	-20.0111	-1.44799
0.0135728	-0.541953	-0.0135629	-0.840299	1	-20.1045	-1.39532
0.023074	-0.501456	-0.0754868	-0.861884	1	-20.06	-1.40772
0.00859395	-0.515946	-0.01994	-0.856389	1	-20.057	-1.4044
0.0562196	-0.526193	-0.0204671	-0.850119	1	-20.064	-1.4046
0.0197664	-0.524137	-0.0228351	-0.851328	1	-20.0626	-1.40579
0.0344513	-0.522651	-0.0229556	-0.852238	1	-20.0613	-1.40572
0.00444688	-0.501523	-0.353739	-0.789521	1	-20.0795	-1.54363
0.00377947	-0.843502	-0.0924157	-0.529116	1	-20.9947	-1.53759
0.0439126	-0.323336	-0.155607	-0.933403	1	-19.2484	-1.81291
0.0535664	-0.402661	0.148459	-0.90323	1	-19.5127	-0.802621
0.0106935	-0.491329	-0.0434353	-0.86989	1	-19.6379	-1.02307
0.0116194	-0.486159	-0.0436381	-0.87278	1	-19.7454	-1.41952
0.195266	-0.444942	-0.021677	-0.895297	1	-19.6897	-1.38357
0.00927008	-0.426954	0.188627	-0.884381	1	-19.6955	-1.38894
0.0118804	-0.561917	0.142334	-0.814856	1	-19.6968	-1.38908
0.0112092	-0.506497	0.0968714	-0.856783	1	-19.6884	-1.38677
0.0201166	-0.440095	-0.0134177	-0.897851	1	-19.6784	-1.39942
0.00397749	-0.432896	0.00812162	-0.901407	1	-19.6387	-1.45015
0.020002	-0.392764	-0.0480695	-0.918382	1	-19.6136	-1.47943
0.00602352	-0.401375	-0.0551722	-0.914251	1	-19.6198	-1.48327
0.00939608	-0.464745	0.114295	-0.878037	1	-19.9703	-1.11226
0.0294418	-0.468539	0.115799	-0.875821	1	-19.9707	-1.11214
0.0404972	-0.456786	0.117769	-0.881747	1	-19.9694	-1.11198
0.00830448	-0.693413	-0.0907937	-0.714798	1	-20.1767	-1.44291
0.00444338	-0.366003	0.355249	-0.86014	1	-19.9098	-1.23279
0.00574959	-0.746273	-0.0271022	-0.665088	1	-20.2003	-1.44143
0.00361037	-0.0206862	0.088891	-0.995827	1	-19.4572	-1.3432
0.0051977	-0.590853	0.226405	-0.77436	1	-20.2437	-0.817049
0.00894128	-0.533797	-0.101754	-0.839468	1	-20.0095	-1.56504
0.0253027	-0.551112	-0.0111048	-0.834358	1	-19.9575	-1.37407
0.00490532	-0.538152	0.000904105	-0.842847	1	-19.9548	-1.37377
0.0119996	-0.50326	0.0497068	-0.862704	1	-19.9439	-1.36263
0.011792	-0.637427	-0.512781	-0.575102	1	-19.9667	-1.41889
0.00710192	-0.55325	-0.0443242	-0.831835	1	-20.0037	-1.45581
0.0168391	-0.456601	-0.523608	-0.719271	1	-19.9316	-1.60558
0.0123218	-0.478426	-0.344292	-0.807819	1	-19.9284	-1.56069
0.0492544	-0.456135	-0.0350875	-0.889219	1	-19.8971	-1.47253
0.00341976	-0.392484	-0.0165237	-0.919611	1	-19.8082	-1.41339
0.00751919	-0.605491	0.239533	-0.75895	1	-20.0326	-1.41169
0.00859578	-0.38169	-0.597295	-0.705373	1	-20.0485	-1.8916
0.00304108	-0.542141	-0.0937283	-0.835044	1	-19.9926	-1.51406
0.0138219	-0.635839	-0.122482	-0.762041	1	-19.9916	-1.47838
0.0110505	-0.525273	0.000135013	-0.850934	1	-20.0039	-1.46018
0.0171766	-0.439589	-0.0486574	-0.89688	1	-19.8863	-1.48576
0.0274108	-0.596891	-0.0104379	-0.802254	1	-20.1489	-1.39776
0.0103247	-0.519825	-0.0167196	-0.854109	1	-20.0141	-1.40007
0.00726563	-0.45926	-0.0870429	-0.884027	1	-19.9366	-1.45999
1.74659	-0.523074	-0.0327998	-0.851656	1	-19.9802	-1.42573
0.00511073	-0.55728	0.0174113	-0.830142	1	-19.9786	-1.4173
0.0775544	-0.513018	0.00343983	-0.858371	1	-19.9699	-1.41881
0.00563296	-0.62298	-0.0494157	-0.780676	1	-20.0431	-1.4383
0.0124271	-0.511792	-0.273743	-0.81433	1	-19.9654	-1.44868
0.00681816	-0.483097	-0.0664966	-0.873038	1	-19.9637	-1.44406
0.0615886	-0.539365	-0.151149	-0.828396	1	-19.9727	-1.45154
0.0246996	-0.554606	0.0710094	-0.829078	1	-20.01	-1.34895
0.12297	-0.531412	-0.00246299	-0.84711	1	-19.9814	-1.38566
0.0736655	-0.518376	0.0283174	-0.854684	1	-19.9679	-1.35411
0.0192536	-0.411393	-0.215509	-0.885614	1	-19.898	-1.52162
0.00335529	-0.780356	-0.160241	-0.604457	1	-20.0915	-1.32667
0.00343662	-0.616529	0.0581594	-0.785181	1	-20.091	-1.32588
0.00500002	-0.604014	0.0667324	-0.794175	1	-20.0904	-1.3256
0.00852343	-0.622925	0.088667	-0.77724	1	-20.0919	-1.32459
0.00322323	-0.879814	-0.352717	-0.318619	1	-20.3676	-1.62123
0.00511188	-0.521606	0.358302	-0.774304	1	-20.1844	-1.49778
0.00415054	-0.083274	0.526112	-0.846328	1	-19.7418	-1.20815
0.00876769	-0.489907	-0.0381481	-0.87094	1	-19.9792	-1.42382
0.0143154	-0.494119	-0.0984979	-0.863797	1	-19.9807	-1.45071
0.0217014	-0.346233	0.00154006	-0.938147	1	-19.8173	-1.38949
0.00710361	-0.789333	-0.0957656	-0.606451	1	-20.2219	-1.42067
0.00938972	-0.192757	-0.497588	-0.845725	1	-19.7403	-1.78481
0.192327	-0.527803	-0.0263518	-0.848958	1	-19.9897	-1.41687
0.015947	-0.740013	0.441691	-0.507237	1	-20.2767	-1.2249
0.0270914	-0.584096	-0.129568	-0.801277	1	-20.0311	-1.51112
0.0384828	-0.415593	-0.126701	-0.900683	1	-19.9356	-1.4844
0.0124086	-0.515942	-0.257147	-0.817117	1	-20.0236	-1.63966
0.0602878	-0.530569	-0.0686201	-0.84486	1	-19.9967	-1.48099
0.00698043	-0.503611	-0.119126	-0.855678	1	-19.9575	-1.52347
0.00598905	-0.467868	-0.556137	-0.686885	1	-21.0295	-2.19691
0.0132237	-0.647409	-0.419099	-0.636568	1	-20.8108	-1.97025
0.0766805	-0.665961	-0.018755	-0.745751	1	-20.6535	-1.47559
0.00338451	-0.599625	-0.0237017	-0.79993	1	-20.8443	-1.48064
0.0279925	-0.673936	-0.0624025	-0.73615	1	-20.711	-1.58521
0.00320756	-0.681554	0.349326	-0.643005	1	-19.5089	-1.15331
0.00482728	-0.298539	-0.303411	-0.904885	1	-20.807	-1.47185
0.00671387	-0.804942	-0.262462	-0.532149	1	-20.8099	-1.47152
0.0363514	-0.792682	-0.0371029	-0.608505	1	-20.7584	-1.43483
0.0207931	-0.0978659	0.291762	-0.951471	1	-19.4859	-1.19448
0.00959242	-0.152123	-0.0549074	-0.986835	1	-19.5193	-1.40947
0.00316616	0.0613966	-0.224087	-0.972633	1	-19.0922	-1.74627
0.0253154	0.0170123	-0.327045	-0.944856	1	-19.131	-1.83607
0.666495	-0.164764	-0.155534	-0.973993	1	-19.3827	-1.5863
0.0174668	-0.119293	-0.278493	-0.953001	1	-19.3971	-1.70071
0.012108	-0.0362597	0.579028	-0.814501	1	-19.2205	-0.298515
0.0249817	-0.0342326	0.668172	-0.743219	1	-19.2344	-0.164451
0.00914082	-0.223685	-0.86125	-0.456304	1	-19.9108	-2.68554
0.00461788	-0.659761	-0.507383	-0.554326	1	-20.6666	-1.54737
0.0033201	-0.787705	-0.200589	-0.582481	1	-20.6743	-1.50707
0.007388	0.255682	0.144573	-0.95589	1	-19.2322	-1.68911
0.0275802	-0.595936	0.0363776	-0.802208	1	-20.1643	-1.3526
0.0518057	-0.607963	0.0065868	-0.793938	1	-20.1855	-1.38769
0.0993831	-0.452175	-0.156402	-0.87811	1	-20.0559	-1.48416
0.0050638	-0.558383	-0.0433991	-0.828447	1	-20.0958	-1.45024
0.117109	-0.563108	-0.0398485	-0.825422	1	-20.0996	-1.44834
0.994612	-0.546956	-0.044939	-0.835954	1	-20.0537	-1.448
0.0558839	-0.54932	-0.0455546	-0.834369	1	-20.0541	-1.4481
0.0731903	-0.546509	-0.0455252	-0.836215	1	-20.0539	-1.44793
0.00349612	-0.547921	-0.0442668	-0.835358	1	-20.0539	-1.4479
0.0684502	-0.547497	-0.0453443	-0.835578	1	-20.0539	-1.44795
0.10424	-0.548465	-0.0451735	-0.834952	1	-20.054	-1.44794
0.0125973	-0.549632	-0.0425533	-0.834323	1	-20.0541	-1.44772
0.575918	-0.548048	-0.0457361	-0.835195	1	-20.0539	-1.44821
0.484336	-0.547997	-0.0457702	-0.835227	1	-20.0539	-1.44821
0.39837	-0.548537	-0.0480306	-0.834746	1	-20.054	-1.44835
0.0133238	-0.548639	-0.0465658	-0.834762	1	-20.054	-1.44821
0.0129291	-0.548402	-0.0432775	-0.835094	1	-20.0539	-1.4478
0.0388299	-0.548326	-0.0434328	-0.835136	1	-20.0539	-1.44784
0.435324	-0.547902	-0.0433062	-0.835421	1	-20.0538	-1.44781
0.304613	-0.54743	-0.0428549	-0.835754	1	-20.0536	-1.44769
0.00859942	-0.546013	-0.0396879	-0.836836	1	-20.0528	-1.44662
0.00335315	-0.565729	0.600131	-0.565503	1	-20.1189	-1.25306
0.0147983	-0.550251	-0.0972666	-0.829315	1	-20.0615	-1.45311
0.0071677	-0.473265	-0.138436	-0.869975	1	-20.046	-1.45501
0.0469572	-0.547875	-0.174233	-0.818215	1	-20.0656	-1.47729
0.0186195	-0.577353	-0.14586	-0.803361	1	-20.0686	-1.47258
0.027998	-0.579711	-0.0643527	-0.812277	1	-20.0683	-1.45876
0.0421438	-0.565472	-0.0812817	-0.820752	1	-20.0638	-1.4623
0.188631	-0.536847	-0.0754381	-0.8403	1	-20.0478	-1.4614
0.0932677	-0.550082	-0.0128139	-0.835012	1	-20.0607	-1.43576
0.0426873	-0.595148	-0.0308029	-0.803026	1	-20.0813	-1.442
0.0111758	-0.582069	-0.0186847	-0.812925	1	-20.0741	-1.43757
0.0747214	-0.562969	-0.00801825	-0.826439	1	-20.0629	-1.43328
0.00390576	-0.420714	0.00482154	-0.907181	1	-20.0293	-1.4363
0.01335	-0.506629	-0.0018364	-0.862162	1	-20.0402	-1.43585
0.00847332	-0.507742	-0.0103251	-0.861447	1	-20.0404	-1.43748
0.0534535	-0.545114	-0.0449558	-0.837156	1	-20.0522	-1.4488
0.027374	-0.600766	0.0098853	-0.799363	1	-20.0768	-1.42819
0.0232596	-0.551979	0.051589	-0.832261	1	-20.0559	-1.4164
0.02265	-0.549687	-0.00390877	-0.835361	1	-20.0542	-1.43397
0.0644618	-0.600289	-0.115798	-0.791356	1	-20.0785	-1.4674
0.0185114	-0.543416	-0.00579096	-0.839443	1	-20.052	-1.43607
0.0229953	-0.543149	-0.0424127	-0.838564	1	-20.0511	-1.44779
0.00468528	-0.205052	0.0306544	-0.978271	1	-19.9379	-1.42658
0.841849	-0.546275	-0.051	-0.836052	1	-20.0537	-1.45065
0.0904652	-0.61733	0.0197288	-0.786457	1	-20.0782	-1.43459
0.0954427	-0.549812	-0.0518858	-0.833675	1	-20.0547	-1.45108
0.00654939	-0.54298	-0.0942576	-0.834439	1	-20.0515	-1.45215
0.00680998	-0.538971	-0.050409	-0.840815	1	-20.0512	-1.44862
0.0892413	-0.539487	-0.0442837	-0.840829	1	-20.0513	-1.44782
0.0185776	-0.542283	-0.0419256	-0.839149	1	-20.0521	-1.44764
1.73752	-0.547415	-0.0422762	-0.835793	1	-20.0537	-1.44775
0.326071	-0.545752	-0.0422188	-0.836883	1	-20.0532	-1.44772
0.0088284	-0.394416	-0.0567246	-0.917179	1	-20.0402	-1.44858
0.0923012	-0.517878	-0.154862	-0.84132	1	-20.0522	-1.46436
0.0205925	-0.555933	-0.0270194	-0.830788	1	-20.0579	-1.44334
0.0219861	-0.509924	0.0266916	-0.859805	1	-20.05	-1.42563
0.00633208	-0.564639	0.0202273	-0.82509	1	-20.0599	-1.42993
0.0667929	-0.5488	-0.0441254	-0.834788	1	-20.0543	-1.44835
0.250127	-0.54595	-0.0407401	-0.836826	1	-20.0528	-1.44712
0.0480385	-0.546055	-0.0407547	-0.836758	1	-20.0529	-1.44713
0.0375126	-0.546542	-0.0408596	-0.836435	1	-20.0533	-1.44719
0.0284175	-0.583524	-0.128114	-0.801927	1	-20.0595	-1.4574
0.0031395	-0.572654	-0.126338	-0.810004	1	-20.0591	-1.45695
0.220283	-0.560455	-0.0444548	-0.826991	1	-20.0569	-1.44922
0.429542	-0.558038	-0.0534347	-0.828093	1	-20.0562	-1.45087
0.00326137	-0.624915	-0.118716	-0.771614	1	-20.056	-1.45154
0.00929962	-0.702931	0.12092	-0.700904	1	-20.0729	-1.43416
0.00426707	-0.75309	-0.331978	-0.568019	1	-20.1522	-1.52831
0.013939	-0.540832	-0.0817781	-0.837146	1	-20.0511	-1.4588
0.00911809	-0.480658	-0.064215	-0.874554	1	-20.0387	-1.47082
0.00693891	-0.438171	-0.122042	-0.890568	1	-20.0337	-1.47637
0.00734493	-0.558444	-0.0812125	-0.825558	1	-20.0616	-1.46865
0.00487542	-0.537658	-0.0612379	-0.840936	1	-20.0455	-1.45761
0.409702	-0.54166	-0.0452428	-0.839379	1	-20.0476	-1.44977
0.0300226	-0.538387	-0.0416687	-0.841667	1	-20.045	-1.44749
0.00537959	-0.560693	-0.109648	-0.820732	1	-20.0572	-1.46933
0.0958214	-0.0963407	0.637899	-0.76407	1	-19.9701	-1.39077
0.0270574	-0.417563	-0.0830494	-0.904845	1	-19.8485	-1.4899
0.00328923	-0.424683	-0.0966728	-0.900166	1	-19.8494	-1.49102
0.146716	-0.422907	-0.103882	-0.900199	1	-19.8491	-1.49201
0.0259328	-0.430012	-0.0666564	-0.900359	1	-19.8501	-1.48692
0.00454779	0.198315	-0.212371	-0.956854	1	-19.7743	-1.49769
0.0139089	-0.170629	-0.168795	-0.97077	1	-19.8399	-1.49367
0.0159191	-0.426929	-0.135162	-0.894127	1	-19.8483	-1.49231
0.00502185	-0.429303	-0.137021	-0.892706	1	-19.8484	-1.49233
0.0131626	-0.40819	-0.0905205	-0.908398	1	-19.846	-1.48932
0.0043676	-0.414546	-0.0953144	-0.905023	1	-19.8478	-1.49052
0.0118487	-0.416327	-0.0951102	-0.904227	1	-19.8483	-1.49049
0.011881	-0.393412	-0.0123186	-0.91928	1	-19.8445	-1.47899
0.0347462	-0.265977	-0.0749892	-0.961058	1	-19.8258	-1.48339
0.0063785	-0.355549	-0.0756089	-0.931594	1	-19.8376	-1.48343
0.0246252	-0.473596	-0.0681207	-0.878104	1	-19.8495	-1.49007
0.00352039	-0.681781	-0.212205	-0.700103	1	-19.8677	-1.49437
0.0471057	-0.401985	-0.0232191	-0.915352	1	-19.8338	-1.47625
0.00875199	-0.390669	-0.108362	-0.914131	1	-19.8404	-1.4932
0.0307177	-0.419999	-0.108978	-0.900958	1	-19.8497	-1.49459
0.0157042	-0.396115	-0.0838358	-0.914366	1	-19.8482	-1.48931
0.197857	-0.429634	-0.05766	-0.90116	1	-19.8525	-1.48569
0.00726668	-0.433415	-0.0795968	-0.897672	1	-19.8534	-1.489
0.0327376	-0.426808	-0.0916444	-0.899687	1	-19.8519	-1.49107
0.00438589	-0.422186	-0.106313	-0.900254	1	-19.8509	-1.49447
0.019846	-0.552089	-0.201183	-0.80915	1	-19.9605	-1.56836
0.00671997	-0.509799	-0.446693	-0.735234	1	-20.0008	-1.78746
0.00389399	-0.487439	-0.163394	-0.857733	1	-19.9318	-1.57665
0.0105949	-0.484916	-0.174531	-0.856969	1	-19.9329	-1.56855
0.0156197	-0.490209	-0.142941	-0.859804	1	-19.9321	-1.55854
0.0110891	-0.48731	-0.150755	-0.860117	1	-19.9308	-1.56184
0.341684	-0.482223	-0.143609	-0.864197	1	-19.9275	-1.55831
0.00447468	-0.483565	-0.150985	-0.862188	1	-19.9286	-1.56188
0.0592065	-0.3609	-0.116771	-0.925265	1	-19.8784	-1.54363
0.00653048	-0.406282	-0.193322	-0.893063	1	-19.9031	-1.54123
0.00763118	-0.410979	-0.127017	-0.902753	1	-19.9021	-1.54431
0.00434972	-0.331827	-0.127278	-0.934715	1	-19.9296	-1.53935
0.00779167	-0.410767	-0.0965696	-0.906612	1	-19.9303	-1.53921
0.00515137	-0.467191	-0.108547	-0.877468	1	-19.9337	-1.54088
0.0178424	-0.518191	-0.0891754	-0.850603	1	-19.9391	-1.53921
0.0105521	-0.55691	-0.116701	-0.822333	1	-19.9476	-1.54419
0.0142874	-0.539044	-0.103166	-0.835935	1	-19.9415	-1.54076
0.00353486	-0.489089	-0.116461	-0.864424	1	-19.9233	-1.5418
0.006592	-0.630673	-0.0958056	-0.770112	1	-20.1267	-1.50207
2.09479	-0.569624	-0.0965784	-0.816212	1	-20.0937	-1.51303
0.0188453	-0.572445	-0.0982159	-0.814039	1	-20.0967	-1.51435
0.241979	-0.573356	-0.0959972	-0.813663	1	-20.0977	-1.51279
0.0118444	-0.388329	-0.231138	-0.892063	1	-20.0663	-1.53549
0.0375636	-0.614157	-0.175777	-0.769359	1	-20.1187	-1.53861
0.01994	-0.422825	-0.029054	-0.905746	1	-20.0488	-1.49633
0.0154736	-0.610865	-0.0832953	-0.787341	1	-20.12	-1.50801
0.0058261	-0.581049	-0.0582799	-0.811779	1	-20.1019	-1.50387
0.0048763	-0.592449	-0.0935234	-0.800161	1	-20.1083	-1.51198
0.00404588	-0.58258	-0.0897967	-0.807798	1	-20.1034	-1.51052
0.369359	-0.572268	-0.0925808	-0.814824	1	-20.0961	-1.5101
0.0049522	-0.635774	-0.185384	-0.749283	1	-20.1342	-1.54521
0.0486331	-0.536519	-0.106118	-0.837189	1	-20.0551	-1.51629
0.0160125	-0.397256	0.0390226	-0.916878	1	-19.9538	-1.42733
0.0132426	-0.573728	-0.0942	-0.813611	1	-20.0982	-1.51191
0.0268067	-0.616389	0.0374607	-0.78655	1	-20.1301	-1.36729
0.00835551	-0.385717	-0.0231357	-0.922327	1	-19.9993	-1.36534
0.00636098	-0.575985	0.0579995	-0.8154	1	-20.0315	-1.35533
0.131066	-0.510326	-0.0695648	-0.857163	1	-19.9974	-1.47579
0.00306873	-0.124377	0.230995	-0.964972	1	-19.9851	-1.3683
0.0180234	-0.670412	-0.028015	-0.74146	1	-20.1771	-1.43941
0.188114	-0.543892	-0.0817037	-0.835168	1	-20.0513	-1.47396
0.00401247	-0.592581	-0.0942025	-0.799984	1	-20.0817	-1.48175
0.0141871	-0.726203	0.0493302	-0.685709	1	-20.0833	-1.45927
0.0615196	-0.527192	-0.10403	-0.843354	1	-20.049	-1.4745
0.00377536	-0.490171	-0.00625777	-0.871604	1	-19.981	-1.42404
0.531185	-0.542083	-0.0430569	-0.839221	1	-20.0355	-1.45253
0.0120663	-0.672552	0.266947	-0.690227	1	-20.0731	-1.42916
0.0118999	-0.444087	0.0265869	-0.895589	1	-19.9895	-1.42874
0.030188	-0.532851	-0.0590727	-0.844145	1	-20.0324	-1.46452
0.0359746	-0.531531	-0.0740954	-0.843792	1	-20.0319	-1.4692
0.0976943	-0.543174	-0.0660882	-0.837015	1	-20.0373	-1.46682
0.265774	-0.550899	-0.0632666	-0.832171	1	-20.0417	-1.46611
0.0183344	-0.551595	-0.0549763	-0.832298	1	-20.042	-1.46222
0.0055178	-0.549832	-0.05895	-0.833193	1	-20.0407	-1.46435
0.00653045	-0.53977	-0.0503013	-0.840308	1	-20.031	-1.45828
0.0337401	-0.566209	-0.00890388	-0.824213	1	-20.0572	-1.42944
0.0110491	-0.427268	-0.151853	-0.891282	1	-20.0031	-1.47636
9.83845	-0.534101	-0.0487549	-0.844014	1	-20.0236	-1.46014
0.180015	-0.544425	-0.0255746	-0.83842	1	-20.0435	-1.42673
0.00470747	-0.339805	-0.824299	-0.452841	1	-19.9829	-1.57508
0.00526968	-0.249635	-0.780972	-0.572507	1	-19.9705	-1.55366
0.0334528	-0.602732	-0.0903864	-0.792808	1	-20.0143	-1.46738
0.00653155	-0.424182	-0.119235	-0.897693	1	-19.9727	-1.47023
0.0282241	-0.473562	-0.137405	-0.869977	1	-19.9851	-1.4759
0.0280522	-0.476108	-0.0941247	-0.874335	1	-19.9851	-1.46441
0.00734773	-0.50089	-0.0897626	-0.860844	1	-20.0536	-1.46041
0.0374694	-0.567612	-0.0667063	-0.820589	1	-20.0553	-1.45903
0.00493375	-0.52007	-0.0621793	-0.851858	1	-20.0331	-1.46961
0.00635205	-0.523254	-0.0587501	-0.850149	1	-20.0333	-1.46946
0.0316919	-0.519307	-0.0686779	-0.851824	1	-20.0327	-1.4704
0.420864	-0.520359	-0.0597059	-0.851858	1	-20.0328	-1.46943
0.0232901	-0.530007	-0.0568516	-0.846085	1	-20.0355	-1.46871
0.0818272	-0.533121	-0.0598566	-0.843919	1	-20.037	-1.46954
0.015379	-0.537406	-0.0593197	-0.841235	1	-20.0394	-1.46982
0.0376753	-0.505954	-0.210508	-0.836479	1	-20.0382	-1.55833
0.0235499	-0.601807	-0.109071	-0.791159	1	-20.1113	-1.50798
0.00476779	-0.502665	-0.0365225	-0.86371	1	-20.0371	-1.47664
0.0190722	-0.517322	-0.0502614	-0.854314	1	-20.0388	-1.47789
0.0175994	-0.526538	-0.0354518	-0.849412	1	-20.0399	-1.47635
0.00370313	-0.518996	-0.0304127	-0.854235	1	-20.0387	-1.47573
0.0135331	-0.527212	-0.0625236	-0.847431	1	-20.0408	-1.48082
0.00521842	-0.547535	-0.0916238	-0.831751	1	-20.0496	-1.48896
0.0453008	-0.540725	-0.0410687	-0.840196	1	-20.0488	-1.47693
0.027809	-0.7108	0.0535998	-0.701349	1	-20.1031	-1.45592
0.0268804	-0.716092	0.0395956	-0.696882	1	-20.1045	-1.45799
0.0207005	-0.650161	-0.0407719	-0.758701	1	-20.1074	-1.47187
0.0499251	-0.59462	-0.00741799	-0.803973	1	-20.0597	-1.44881
0.00403517	-0.421995	-0.0547317	-0.904944	1	-19.949	-1.39677
0.0124209	-0.547287	-0.0517861	-0.835342	1	-20.0472	-1.46531
0.0069883	-0.556578	-0.110965	-0.823352	1	-20.0543	-1.48512
0.161754	-0.566572	-0.0962172	-0.818376	1	-20.0554	-1.48321
0.00626205	-0.567797	-0.102125	-0.816809	1	-20.0561	-1.48346
0.00486308	-0.625339	-0.192021	-0.756359	1	-20.0668	-1.49237
0.0617021	-0.55109	-0.0729588	-0.83125	1	-20.0499	-1.4742
0.464412	-0.546326	-0.0612171	-0.835333	1	-20.0473	-1.46985
0.433993	-0.542421	-0.0495587	-0.838644	1	-20.0444	-1.46472
0.00990986	-0.493702	-0.0780748	-0.86612	1	-19.9961	-1.47263
0.0060456	0.580164	-0.0870068	-0.809839	1	-19.5891	-1.48237
0.00972426	-0.704242	-0.197347	-0.68198	1	-20.1311	-1.52678
0.00682884	-0.589857	-0.0793624	-0.803598	1	-20.1005	-1.45947
0.0125175	-0.657111	-0.0424649	-0.752597	1	-20.1134	-1.45977
0.0202789	-0.663781	-0.0432456	-0.746676	1	-20.1154	-1.45995
0.0530285	-0.580427	-0.0560377	-0.812382	1	-20.0742	-1.4672
0.00415499	-0.662883	0.0746177	-0.744996	1	-20.092	-1.44151
0.0458759	-0.542545	-0.058818	-0.837965	1	-20.0447	-1.47549
0.0168371	-0.523033	-0.109137	-0.845296	1	-20.0423	-1.48199
0.0173758	-0.629169	-0.149074	-0.762839	1	-20.0451	-1.46851
0.00748243	-0.272702	0.581764	-0.76628	1	-20.0203	-1.41872
0.0339551	-0.529529	-0.0409311	-0.847304	1	-20.0357	-1.46884
0.0643159	-0.500694	-0.090374	-0.860894	1	-20.0284	-1.47835
0.0197985	-0.466339	0.380677	-0.798507	1	-20.0426	-1.40224
0.00914082	-0.674291	0.12886	-0.727135	1	-20.0914	-1.40144
0.0149273	-0.4513	-0.076327	-0.889102	1	-19.9777	-1.47758
0.0166117	-0.496126	-0.0779057	-0.864748	1	-20.004	-1.48071
0.00664892	-0.53115	-0.041722	-0.84625	1	-20.0482	-1.46142
0.00390694	-0.293316	-0.000742871	-0.956015	1	-20.0466	-1.46118
0.00744917	-0.529387	-0.0385582	-0.847504	1	-20.0482	-1.46141
0.00524301	-0.531749	-0.038733	-0.846016	1	-20.0483	-1.46143
0.0361197	-0.543976	-0.0442929	-0.837931	1	-20.05	-1.46154
0.0468547	-0.55633	-0.0412753	-0.829936	1	-20.0533	-1.46134
0.237533	-0.547138	-0.0450803	-0.835827	1	-20.0482	-1.46277
0.00928777	-0.545778	-0.0468973	-0.836616	1	-20.0473	-1.46336
0.118929	-0.546701	-0.0513807	-0.83575	1	-20.0481	-1.46578
0.115439	-0.563326	-0.0383172	-0.825345	1	-20.05	-1.46354
0.0062479	-0.563931	-0.0371506	-0.824986	1	-20.0501	-1.46352
0.0174821	-0.563732	-0.0188634	-0.825743	1	-20.0504	-1.46239
0.0785238	-0.584782	0.0677556	-0.808356	1	-20.0754	-1.39813
0.00392124	-0.489916	0.178193	-0.853363	1	-20.0436	-1.4625
0.0255927	-0.537716	-0.0403366	-0.84216	1	-20.0438	-1.46354
0.302584	-0.541291	-0.0482243	-0.839451	1	-20.0447	-1.46484
0.340891	-0.543304	-0.0471853	-0.838209	1	-20.0452	-1.46461
0.196788	-0.542552	-0.0513316	-0.838452	1	-20.0449	-1.46559
0.00899733	-0.698273	-0.174295	-0.694288	1	-20.0764	-1.48077
0.0680095	-0.542324	-0.060401	-0.837996	1	-20.045	-1.4674
0.0773721	-0.434514	-0.065087	-0.89831	1	-20.021	-1.46492
0.0109481	-0.391456	-0.178134	-0.90279	1	-20.0394	-1.46893
0.859059	-0.54162	-0.0513909	-0.839051	1	-20.0446	-1.46565
0.00302809	-0.302575	0.26452	-0.915684	1	-19.9571	-1.36842
0.0279993	-0.535406	-0.0454797	-0.84337	1	-20.0473	-1.46169
0.0141307	-0.54077	-0.0364654	-0.84038	1	-20.0474	-1.46159
0.0972697	-0.536144	-0.0342376	-0.843432	1	-20.0472	-1.46156
0.0032645	-0.539325	-0.0291069	-0.841594	1	-20.0473	-1.46143
0.356454	-0.548297	-0.0394731	-0.835352	1	-20.0475	-1.46185
0.00316538	-0.576987	-0.041642	-0.815691	1	-20.0507	-1.46158
0.0174696	-0.460265	-0.15558	-0.874043	1	-20.0234	-1.48548
0.00366301	-0.54066	-0.0625728	-0.838911	1	-20.044	-1.46619
0.176482	-0.543551	-0.0516603	-0.837785	1	-20.0453	-1.46582
0.00452752	-0.269655	-0.16073	-0.949448	1	-19.9788	-1.48579
0.0120238	-0.502373	-0.134099	-0.854189	1	-20.0411	-1.47456
0.00613748	-0.38362	-0.0134124	-0.923394	1	-20.0308	-1.47288
0.00634952	-0.5641	-0.0371065	-0.824873	1	-20.0546	-1.46005
0.185776	-0.54208	-0.0512062	-0.838765	1	-20.0436	-1.46487
0.021874	-0.588545	-0.0422053	-0.807362	1	-20.0985	-1.44089
0.00333783	-0.203187	0.68559	-0.699058	1	-20.053	-1.09802
0.0210013	-0.556576	-0.0346057	-0.830075	1	-20.0542	-1.41995
0.7312	-0.551443	-0.0197656	-0.833978	1	-20.0536	-1.41911
0.0171387	-0.548816	-0.0202213	-0.835698	1	-20.0532	-1.41913
0.0226039	-0.549045	-0.0198968	-0.835556	1	-20.0533	-1.41908
0.025468	-0.550848	-0.0176187	-0.83442	1	-20.0536	-1.4188
0.0107347	-0.548499	-0.0164729	-0.835989	1	-20.0532	-1.41868
0.230896	-0.549207	-0.0167956	-0.835518	1	-20.0534	-1.41875
0.00434832	-0.549437	-0.0169224	-0.835363	1	-20.0535	-1.41875
0.0194237	-0.549519	-0.0193994	-0.835256	1	-20.0535	-1.41941
0.00507583	-0.544878	-0.0250594	-0.838141	1	-20.0513	-1.42113
0.0132734	-0.430691	-0.114753	-0.895175	1	-20.0321	-1.43163
0.025496	-0.56201	-0.0372948	-0.826289	1	-20.049	-1.42135
0.00318195	-0.115085	-0.655543	-0.746337	1	-20.0163	-1.49954
0.00517362	-0.476927	-0.194305	-0.857197	1	-20.0337	-1.44487
0.00780538	-0.691562	-0.0206722	-0.722021	1	-20.0928	-1.45317
0.0055488	-0.605313	-0.117612	-0.787251	1	-20.0744	-1.43953
0.00516592	-0.665104	0.105334	-0.739285	1	-20.0562	-1.41471
0.0151724	-0.463433	0.0410317	-0.885182	1	-20.0406	-1.41659
0.00314463	-0.576315	-0.0546403	-0.815399	1	-20.0648	-1.42988
0.0147161	-0.312447	0.0062934	-0.949914	1	-20.0158	-1.40498
0.00809322	-0.439959	0.0374363	-0.897237	1	-20.0233	-1.4047
0.0104868	-0.462894	-0.01827	-0.886225	1	-20.0315	-1.41038
0.0293801	-0.546792	-0.0278057	-0.836807	1	-20.0524	-1.42298
0.0336519	-0.501019	-0.0556173	-0.863647	1	-20.0444	-1.42276
0.0160319	-0.549789	-0.00694601	-0.835275	1	-20.0541	-1.41641
0.69007	-0.557854	-0.0119494	-0.829853	1	-20.0562	-1.41721
0.0130935	-0.39717	0.118671	-0.91004	1	-20.0036	-1.38203
0.084456	-0.543346	-0.0186228	-0.839303	1	-20.0507	-1.42213
0.0928101	-0.544361	-0.0299524	-0.838316	1	-20.0517	-1.42374
0.0110263	-0.671821	0.0948678	-0.734613	1	-20.099	-1.39182
0.00328155	-0.550644	-0.0889938	-0.829983	1	-20.0633	-1.43021
0.0234398	-0.554088	-0.0747242	-0.829098	1	-20.0638	-1.43039
0.0279628	-0.577423	-0.0545741	-0.814619	1	-20.0669	-1.42777
0.0752042	-0.562142	-0.00266277	-0.827037	1	-20.0628	-1.41531
0.072465	-0.558273	-0.0229673	-0.829339	1	-20.0609	-1.42132
0.033976	-0.562131	-0.024319	-0.82669	1	-20.0632	-1.42186
0.0474976	-0.477779	-0.0826277	-0.874586	1	-20.0299	-1.43669
0.241451	-0.560342	-0.0711279	-0.825201	1	-20.0635	-1.42991
0.0255983	-0.569233	-0.0462387	-0.820875	1	-20.0643	-1.4278
0.0204158	-0.570921	-0.0445008	-0.819798	1	-20.0646	-1.42753
0.0089687	-0.548588	-0.036136	-0.835311	1	-20.0542	-1.42641
0.0210403	-0.545283	-0.0300099	-0.837714	1	-20.0521	-1.42385
0.73614	-0.547452	-0.0304616	-0.836283	1	-20.0535	-1.42407
0.0425341	-0.543882	0.0397383	-0.83822	1	-20.0498	-1.41299
0.0200616	-0.325898	-0.0479037	-0.944191	1	-19.9967	-1.42572
0.0316848	-0.38424	-0.0471601	-0.922028	1	-20.0058	-1.42548
0.00423845	-0.831148	0.449485	-0.327347	1	-20.1998	-1.32827
0.177817	-0.61361	0.00844156	-0.789564	1	-20.0898	-1.40521
0.00370069	-0.393419	-0.0212954	-0.919113	1	-19.9824	-1.41113
0.022401	-0.605205	-0.187196	-0.773747	1	-20.1136	-1.52842
0.00419115	-0.779879	0.0609811	-0.622952	1	-20.1625	-1.47169
0.139096	-0.530134	-0.0387735	-0.847027	1	-20.0378	-1.42993
0.0255147	-0.546364	-0.0280755	-0.837077	1	-20.0533	-1.42251
0.0430353	-0.530145	-0.00889277	-0.84786	1	-20.0505	-1.41975
0.00493456	-0.560748	-0.0245867	-0.827621	1	-20.0558	-1.42157
0.00568858	-0.55171	-0.0360075	-0.833258	1	-20.0549	-1.42251
0.00646846	-0.547912	-0.0273038	-0.83609	1	-20.0538	-1.42132
0.0053919	-0.318945	-0.183843	-0.929772	1	-20.0397	-1.42903
0.00797733	-0.550316	-0.0493482	-0.833497	1	-20.0539	-1.4227
0.00941498	-0.390331	-0.0342069	-0.920039	1	-20.0034	-1.42308
0.130258	-0.462261	-0.0462337	-0.885538	1	-20.0129	-1.42473
0.0447708	-0.478154	-0.0376008	-0.877471	1	-20.0158	-1.42373
0.0584073	-0.476083	-0.0449154	-0.878253	1	-20.0153	-1.42505
0.00347445	-0.475491	-0.0346408	-0.879039	1	-20.0151	-1.42312
0.0166782	-0.503721	-0.0247849	-0.863511	1	-20.0256	-1.42053
0.00644201	-0.435876	-0.0690228	-0.897356	1	-20.0058	-1.43188
0.151202	-0.519318	-0.0312413	-0.85401	1	-20.0332	-1.42242
0.0263177	-0.536835	-0.0686077	-0.840893	1	-20.0451	-1.44229
0.0177266	-0.554503	-0.0608723	-0.829952	1	-20.0573	-1.4389
0.00806448	-0.861319	-0.303237	-0.407648	1	-20.1436	-1.5088
0.00325402	-0.571	-0.0879036	-0.81623	1	-20.0698	-1.48212
0.0278605	-0.530211	-0.115197	-0.840004	1	-20.0512	-1.47727
0.00304474	-0.866333	0.0820469	-0.492681	1	-20.2134	-1.42334
0.0139859	-0.619343	0.0354548	-0.784319	1	-20.0606	-1.44516
0.106924	-0.544737	-0.0281754	-0.838133	1	-20.0513	-1.42237
0.0631103	-0.475628	-0.0180435	-0.879461	1	-20.0305	-1.44364
0.0637909	-0.496228	-0.038516	-0.867338	1	-20.0331	-1.4455
0.120822	-0.511949	-0.0698894	-0.856168	1	-20.0349	-1.4501
0.0116961	-0.538988	-0.0646056	-0.839832	1	-20.048	-1.44541
0.00335274	-0.341487	0.784321	-0.517906	1	-20.0361	-1.11948
0.0174492	-0.654739	-0.114521	-0.747129	1	-20.1187	-1.46928
0.0141703	-0.587468	-0.0675392	-0.806424	1	-20.0801	-1.44676
0.00597213	-0.293123	-0.391932	-0.872048	1	-19.9936	-1.51243
0.0228468	-0.556942	0.0129929	-0.83045	1	-20.0552	-1.40996
0.0383594	-0.553989	0.000936556	-0.832523	1	-20.0503	-1.41071
0.0096663	-0.517089	-0.00704634	-0.855903	1	-20.0284	-1.40954
0.00615507	-0.561293	-0.0779118	-0.823941	1	-20.064	-1.45363
0.125153	-0.540216	-0.0917392	-0.836511	1	-20.0498	-1.45976
0.0998844	-0.496997	-0.0113258	-0.867679	1	-20.0151	-1.41265
0.00704655	-0.718388	-0.0145623	-0.695491	1	-20.0315	-1.42369
0.00806754	-0.503262	-0.0959283	-0.858793	1	-20.0043	-1.41912
0.0323906	-0.473549	-0.0168183	-0.880607	1	-20.0049	-1.41471
0.0105921	-0.454854	0.0264989	-0.890172	1	-19.9978	-1.40488
0.00635458	-0.553288	-0.0137334	-0.832877	1	-20.0592	-1.41309
0.0697457	-0.50483	0.0645263	-0.860804	1	-20.0534	-1.40222
0.0700721	-0.556388	-0.00165631	-0.830921	1	-20.0611	-1.41252
0.00794234	-0.554848	0.000977956	-0.831951	1	-20.0602	-1.41133
0.0134255	-0.477447	0.0531795	-0.87705	1	-19.9976	-1.37265
0.617548	-0.544226	-0.0247571	-0.838573	1	-20.0504	-1.41979
0.199688	-0.554741	-0.0643304	-0.829532	1	-20.0648	-1.45476
0.0273825	-0.693099	0.117759	-0.711159	1	-20.1137	-1.35189
0.109458	-0.555132	0.0112741	-0.831686	1	-20.0659	-1.37629
0.0293659	-0.576864	0.0140903	-0.816719	1	-20.0742	-1.37751
0.0264478	-0.47811	0.151123	-0.865201	1	-20.0026	-1.30347
0.00950034	-0.442602	-0.0515485	-0.895235	1	-20.0262	-1.4415
0.0030518	-0.135212	-0.329611	-0.934384	1	-19.8435	-1.51974
0.013118	-0.450786	0.0371916	-0.891857	1	-19.9724	-1.38534
0.0160727	-0.677481	0.0061831	-0.735514	1	-20.1187	-1.38769
0.0254663	-0.616578	0.252933	-0.745558	1	-20.1156	-1.36755
0.0151753	-0.636093	0.0186503	-0.771387	1	-20.1006	-1.38517
0.0328358	-0.557121	0.0292415	-0.829916	1	-20.0631	-1.38227
0.00360399	-0.205066	0.0975658	-0.973873	1	-19.8904	-1.35824
0.0443189	-0.549891	0.00632185	-0.835213	1	-20.0561	-1.39707
0.0760265	-0.606071	-0.020571	-0.795144	1	-20.102	-1.42367
0.00592679	-0.553329	-0.00658007	-0.832937	1	-20.07	-1.41814
0.0308083	-0.560947	-0.00131565	-0.827851	1	-20.0762	-1.41497
0.0181348	-0.650858	0.200036	-0.732372	1	-20.0995	-1.38257
0.00354259	-0.682856	0.0501194	-0.728832	1	-20.1042	-1.40222
0.0495905	-0.547065	-0.0492471	-0.83564	1	-20.0642	-1.43543
0.00347922	-0.548654	-0.0312774	-0.835464	1	-20.0644	-1.43417
0.0327455	-0.546742	-0.0405117	-0.836321	1	-20.064	-1.43814
0.17316	-0.548281	-0.0401577	-0.83533	1	-20.0656	-1.4379
0.495494	-0.549619	-0.0345155	-0.834702	1	-20.0675	-1.43347
0.0973151	-0.549344	-0.0346369	-0.834878	1	-20.0671	-1.43357
0.00742305	-0.583727	-0.00401555	-0.81194	1	-20.1162	-1.40418
0.0113859	-0.571517	-0.0087018	-0.820544	1	-20.0983	-1.40872
0.0140283	-0.531845	0.104306	-0.840394	1	-20.0436	-1.35695
0.0047638	-0.413434	0.258964	-0.872932	1	-19.9081	-1.12546
0.00802559	-0.697547	-0.113089	-0.707558	1	-20.1746	-1.43926
0.00938344	-0.3938	0.337438	-0.855019	1	-20.0285	-1.28716
0.00604498	-0.506795	0.163751	-0.846371	1	-20.0513	-1.38693
0.00946293	-0.603324	-0.046163	-0.796159	1	-20.0876	-1.43836
0.00710246	-0.75727	-0.221481	-0.614401	1	-20.3911	-1.59054
0.0971237	-0.539416	-0.0368094	-0.841235	1	-20.0558	-1.43334
0.0202986	-0.55075	-0.0476294	-0.83331	1	-20.0723	-1.43533
0.014213	-0.568725	0.041099	-0.8215	1	-20.0913	-1.40004
0.00927314	-0.573219	-0.0099818	-0.819341	1	-20.0953	-1.41483
0.0202582	-0.509234	0.0798401	-0.856917	1	-20.0352	-1.38837
0.0081929	-0.601537	-0.193172	-0.775137	1	-20.1354	-1.55599
0.360836	-0.541321	-0.0225522	-0.840513	1	-20.0595	-1.42619
0.0562371	-0.666269	0.0868042	-0.740642	1	-20.1016	-1.4071
0.0159179	-0.443381	-0.0051931	-0.896318	1	-20.0426	-1.425
0.0620921	-0.551963	-0.0388748	-0.832962	1	-20.0671	-1.43113
0.0435954	-0.523273	-0.00798518	-0.852128	1	-20.0665	-1.42894
0.00485904	-0.762752	-0.218108	-0.608801	1	-20.0988	-1.44355
0.0147332	-0.559156	-0.0202093	-0.828816	1	-20.069	-1.42652
0.0293487	-0.423765	0.135861	-0.895525	1	-20.0342	-1.39648
0.0437883	-0.5504	-0.0306723	-0.834337	1	-20.0685	-1.43046
0.00339616	-0.184916	0.328753	-0.926136	1	-19.8719	-1.26355
0.562929	-0.553607	-0.0334767	-0.832105	1	-20.0728	-1.43248
0.0147575	-0.532519	0.0679399	-0.843687	1	-20.0212	-1.45356
0.0150429	-0.448455	-0.00362582	-0.893798	1	-19.9716	-1.39518
0.0138894	-0.215181	-0.000843678	-0.976574	1	-19.8835	-1.40351
0.024076	-0.560985	-0.0122211	-0.827736	1	-20.0819	-1.41144
0.00374844	0.120803	-0.104087	-0.987204	1	-19.8694	-1.41859
0.0111525	-0.368428	-0.166345	-0.914653	1	-19.9714	-1.43632
0.0601203	-0.487981	0.0396091	-0.871955	1	-20.0102	-1.36958
0.0214152	-0.51777	0.0459348	-0.854286	1	-20.0323	-1.36548
0.00381164	-0.479222	-0.127611	-0.868367	1	-20.0136	-1.43055
0.0146964	-0.520232	0.0341161	-0.853343	1	-20.0268	-1.37059
0.0066724	-0.614667	0.0644496	-0.78615	1	-20.1596	-1.34782
0.015803	-0.468572	-0.168699	-0.867168	1	-19.9633	-1.56712
0.0165207	-0.567276	-0.238302	-0.788296	1	-20.1083	-1.56696
0.015895	-0.65743	0.291043	-0.695039	1	-20.0879	-1.36198
0.00920241	-0.529928	0.012209	-0.847954	1	-20.0452	-1.41509
0.00392895	-0.185318	-0.108348	-0.976687	1	-19.9456	-1.5137
0.00711489	-0.505038	-0.0201564	-0.862861	1	-20.0198	-1.42192
0.0142032	-0.579573	-0.0525068	-0.813227	1	-20.098	-1.4521
0.0183104	-0.453792	0.153132	-0.877852	1	-20.0342	-1.37053
0.0119264	-0.658718	-0.0202775	-0.752116	1	-20.1233	-1.43886
0.0239015	-0.583158	-0.0433344	-0.811202	1	-20.0969	-1.44462
0.00545722	-0.567906	-0.0478006	-0.821704	1	-20.0913	-1.44538
0.00384257	-0.572406	-0.0610297	-0.817696	1	-20.0932	-1.44896
0.00323116	-0.860322	-0.258644	-0.43926	1	-20.1025	-1.44935
0.0172452	-0.439994	0.000647817	-0.898	1	-20.0841	-1.44184
0.00324904	-0.325514	-0.414975	-0.84961	1	-19.873	-1.55649
0.00409163	-0.612672	-0.102033	-0.783723	1	-20.1222	-1.4762
0.00894694	-0.459881	0.0667047	-0.885471	1	-19.9888	-1.37161
0.0466068	-0.582323	-0.0112563	-0.812879	1	-20.0956	-1.41846
0.0680692	-0.500961	-0.0274301	-0.865035	1	-20.0478	-1.45956
0.0403311	-0.481244	-0.0299899	-0.876074	1	-20.0436	-1.45855
0.00421053	-0.693538	-0.232657	-0.681818	1	-20.1084	-1.5003
0.0882957	-0.526383	-0.092418	-0.84521	1	-20.0542	-1.48101
0.00474838	-0.705809	-0.304567	-0.639588	1	-20.1713	-1.57093
0.0131424	-0.564963	-0.0566955	-0.823166	1	-20.0858	-1.45984
0.00725169	-0.667983	-0.245971	-0.702351	1	-20.1845	-1.46812
0.0168193	-0.476137	-0.0397001	-0.878475	1	-20.1064	-1.37789
0.0188394	-0.599328	0.0506175	-0.798901	1	-20.1305	-1.36876
0.00481834	-0.568782	-0.0363247	-0.821686	1	-20.0747	-1.43996
0.0164046	-0.555847	-0.0375206	-0.830438	1	-20.0663	-1.44159
0.0158135	-0.553351	-0.0340807	-0.832251	1	-20.0643	-1.43992
0.0661353	-0.554238	-0.0203897	-0.832108	1	-20.0624	-1.43427
0.0137563	-0.555521	-0.0296501	-0.830974	1	-20.0659	-1.43723
0.0203034	-0.546373	-0.0327796	-0.8369	1	-20.0587	-1.43901
0.0146958	-0.465149	-0.153704	-0.871786	1	-20.0215	-1.46557
0.0344665	-0.538395	-0.178642	-0.82354	1	-20.0283	-1.46786
0.00306355	-0.233993	0.0903716	-0.968029	1	-20.0201	-1.46006
0.00988763	-0.672303	0.0681975	-0.737128	1	-20.0364	-1.44934
0.102827	-0.526822	-0.0601696	-0.847843	1	-20.0423	-1.45692
0.105932	-0.483382	-0.146357	-0.863089	1	-20.0302	-1.48034
0.0594861	-0.519208	-0.0668517	-0.85203	1	-20.0386	-1.46004
0.0368805	-0.523419	-0.0653084	-0.849569	1	-20.0406	-1.4595
0.0426726	-0.526737	-0.0669757	-0.847386	1	-20.0424	-1.46017
0.0191847	-0.47408	-0.262428	-0.840464	1	-20.0244	-1.52031
0.00928905	-0.539446	-0.0465966	-0.84073	1	-20.0521	-1.44822
0.0242576	-0.532137	-0.0228389	-0.84635	1	-20.0001	-1.38821
0.00592791	-0.527641	-0.182563	-0.829618	1	-20.0425	-1.55031
0.00961075	-0.55945	-0.0469596	-0.827533	1	-20.0772	-1.45157
0.00473738	-0.523215	0.254067	-0.813447	1	-20.0775	-1.35113
0.00875722	-0.585702	-0.195125	-0.786689	1	-20.0015	-1.5396
0.0457862	-0.520437	-0.013336	-0.853796	1	-20.0038	-1.41168
0.067704	-0.524209	-0.0117174	-0.851509	1	-20.0074	-1.41359
0.334353	-0.529977	-0.0213065	-0.847744	1	-20.0115	-1.41885
0.00407004	-0.578704	-0.0231905	-0.815208	1	-20.0109	-1.4169
0.00694192	-0.542625	-0.04951	-0.838515	1	-20.0104	-1.41699
0.377573	-0.527951	-0.0177937	-0.849088	1	-20.0092	-1.41642
0.00633291	-0.530225	-0.019223	-0.847639	1	-20.0116	-1.41751
0.0301586	-0.530189	-0.0194371	-0.847657	1	-20.0116	-1.41768
0.0193994	-0.529608	-0.0255437	-0.847858	1	-20.011	-1.4227
0.20075	-0.529369	-0.0251914	-0.848018	1	-20.0107	-1.4224
0.0493783	-0.530687	-0.0271607	-0.847133	1	-20.0123	-1.42414
0.00530903	-0.512378	0.0291423	-0.858266	1	-20.0164	-1.40163
0.00408984	-0.541485	0.109498	-0.833549	1	-20.0215	-1.38923
0.00613364	-0.542432	-0.00177293	-0.840098	1	-20.0204	-1.41039
0.0533117	-0.4694	0.114364	-0.875548	1	-19.9587	-1.3655
0.0100027	-0.369589	-0.197595	-0.907943	1	-19.9042	-1.52524
0.0308149	-0.299697	-0.284733	-0.910554	1	-19.9848	-1.43213
0.0225292	-0.295876	-0.0822139	-0.951682	1	-19.9845	-1.42306
0.00326886	-0.488073	0.0501364	-0.871362	1	-20.0055	-1.39745
0.0833735	-0.488332	0.0558349	-0.87087	1	-20.0056	-1.39738
0.00362936	-0.711839	0.250942	-0.655983	1	-20.0903	-1.34477
0.00562738	-0.283381	-0.154194	-0.94653	1	-19.9616	-1.44143
0.241502	-0.52822	-0.0296942	-0.848588	1	-20.0166	-1.42422
0.105741	-0.541271	-0.0327656	-0.84021	1	-20.0282	-1.42719
0.024756	-0.575626	-0.0247165	-0.81734	1	-20.0238	-1.41901
0.0160806	-0.553758	-0.0535772	-0.830952	1	-20.0212	-1.42224
0.0388833	-0.516845	-0.0104264	-0.856015	1	-20.01	-1.41337
0.007372	-0.750251	0.0407916	-0.659894	1	-20.0676	-1.39554
0.00521614	-0.452342	0.36173	-0.815193	1	-20.0197	-1.40583
0.0135066	-0.306456	-0.0217513	-0.951636	1	-19.7754	-1.3931
0.0299886	-0.509918	-0.0670392	-0.857607	1	-20.0336	-1.44499
0.0864936	-0.586769	0.0820938	-0.805582	1	-20.0969	-1.37082
0.00650626	-0.469221	-0.107191	-0.876551	1	-20.0947	-1.37407
0.00539226	-0.663275	0.468554	-0.583544	1	-20.288	-0.953537
0.0061283	0.241824	-0.0481825	-0.969123	1	-19.4295	-1.45265
0.00446095	-0.559188	-0.219056	-0.799577	1	-20.1233	-1.62365
1.48785	-0.54305	-0.0405208	-0.838722	1	-20.045	-1.44621
5.83402	-0.541572	-0.0431002	-0.839549	1	-20.0419	-1.45019
0.00466267	-0.563306	-0.40464	-0.720384	1	-20.3033	-1.55037
0.00306819	-0.625137	0.495144	-0.603354	1	-20.2292	-1.15393
0.0089942	-0.299242	-0.0348253	-0.953542	1	-20.042	-1.46474
0.0139724	0.0042026	0.170088	-0.98542	1	-19.831	-1.37198
0.00840033	-0.583081	-0.160518	-0.796398	1	-20.1167	-1.55234
0.0473114	-0.547682	-0.0387318	-0.835789	1	-20.0541	-1.44428
0.0482696	-0.650777	0.0860259	-0.75438	1	-20.1472	-1.31389
0.00313062	-0.756126	0.0525713	-0.652311	1	-20.24	-1.35089
0.0174055	-0.589094	0.0433116	-0.806903	1	-20.1027	-1.35168
0.00933065	-0.601883	0.11717	-0.789941	1	-20.0615	-1.30429
0.0435726	-0.511437	-0.0912446	-0.854462	1	-20.001	-1.4964
0.00307812	-0.412471	-0.00715468	-0.910943	1	-19.841	-1.58513
0.0544988	-0.455872	-0.00550213	-0.890028	1	-19.9714	-1.41529
0.16483	-0.510363	-0.0486869	-0.85858	1	-20.0229	-1.46463
0.0115201	-0.410398	0.17146	-0.895642	1	-20.0292	-1.46575
0.0300007	-0.498659	-0.115715	-0.85904	1	-20.0365	-1.4846
0.00373777	-0.783348	-0.321552	-0.531949	1	-20.213	-1.49901
0.00387412	-0.537701	-0.101638	-0.836987	1	-20.0492	-1.48179
0.00391488	-0.518126	-0.0303645	-0.854765	1	-20.0464	-1.47279
0.0030592	-0.541582	-0.0853353	-0.836306	1	-20.0541	-1.48517
0.00563351	-0.671629	-0.0578782	-0.738623	1	-20.2752	-1.47862
0.0143379	-0.530823	0.0610763	-0.845279	1	-20.048	-1.40435
0.0563707	-0.560645	-0.0591313	-0.825942	1	-20.0808	-1.47274
0.0166225	-0.493507	0.0530112	-0.868125	1	-19.9881	-1.37404
0.00924	-0.492671	-0.29398	-0.819055	1	-20.0258	-1.61803
0.00477329	-0.543574	-0.280335	-0.791163	1	-20.0593	-1.57116
0.00656322	-0.538369	0.109755	-0.835532	1	-20.0369	-1.3031
0.186697	-0.514014	-0.0417332	-0.856766	1	-19.9938	-1.45321
0.0799378	-0.511767	-0.0623157	-0.856861	1	-19.9914	-1.47461
0.0109278	-0.400251	0.0861409	-0.912348	1	-19.997	-1.42566
0.00494423	-0.376381	-0.451433	-0.80904	1	-20.0051	-1.62284
0.0265267	-0.472543	-0.130691	-0.871563	1	-19.9649	-1.53809
0.00939755	-0.500934	-0.101546	-0.859507	1	-20.0294	-1.47106
0.0846201	-0.536233	0.00269856	-0.844066	1	-20.0515	-1.41337
0.00460835	-0.844824	0.146063	-0.514721	1	-20.3261	-1.38847
0.00731005	-0.499925	-0.19587	-0.843629	1	-20.0254	-1.46102
0.00556579	-0.569348	-0.192197	-0.799314	1	-20.0347	-1.462
0.0315769	-0.456555	-0.0735668	-0.886648	1	-20.0165	-1.45016
0.00413485	-0.485233	-0.0358695	-0.873649	1	-20.0227	-1.44466
0.0179185	-0.714416	-0.0767059	-0.695504	1	-20.1928	-1.47036
0.00339939	-0.502642	-0.493506	-0.709791	1	-20.0837	-1.68913
0.0108794	-0.590382	-0.0555276	-0.805212	1	-20.1025	-1.46185
0.00340749	-0.500363	-0.166626	-0.849631	1	-20.0415	-1.55493
0.0219196	-0.317652	0.115944	-0.941092	1	-19.9043	-1.36126
0.0141392	-0.257422	0.44507	-0.857698	1	-19.8885	-1.19352
0.0100952	-0.551214	-0.0381967	-0.833489	1	-20.0498	-1.4451
0.187102	-0.54602	-0.0410624	-0.836765	1	-20.0483	-1.44829
0.014925	0.831174	0.246675	-0.498299	1	-19.6941	-1.37975
0.00350019	-0.753623	-0.414471	-0.510163	1	-20.1021	-1.51281
0.0030386	-0.516296	0.331116	-0.789811	1	-20.0647	-1.42724
0.0125919	-0.517094	-0.0291281	-0.855433	1	-20.0643	-1.44581
0.00521104	-0.548283	-0.180551	-0.816571	1	-20.0402	-1.50126
0.00342847	-0.537679	-0.0704162	-0.840204	1	-20.0323	-1.46543
0.0119296	-0.525089	-0.0279718	-0.850588	1	-20.0243	-1.44867
0.00327301	-0.129734	0.251189	-0.959204	1	-19.9557	-1.40471
0.0430365	-0.542271	-0.0356957	-0.839445	1	-20.037	-1.45302
0.00827467	0.0673393	-0.244499	-0.967309	1	-19.8025	-1.53294
0.00904071	-0.53974	-0.0872173	-0.837302	1	-20.0289	-1.46978
0.0161998	-0.470833	-0.0655084	-0.879787	1	-20.0168	-1.44681
0.00985009	-0.572122	-0.00433781	-0.820157	1	-20.0693	-1.42726
0.0111992	-0.578082	-0.0165182	-0.815811	1	-20.0733	-1.43088
0.0184677	-0.0647002	-0.697854	-0.713311	1	-19.7208	-2.02242
0.00626061	-0.372232	-0.0173826	-0.927977	1	-19.9032	-1.48416
0.0234842	-0.52291	0.147715	-0.839491	1	-20.0216	-1.26607
0.0110267	-0.756573	0.268227	-0.596365	1	-20.3233	-1.21064
0.018522	-0.579682	0.021808	-0.814551	1	-20.0858	-1.39464
0.0084365	-0.609995	-0.0248404	-0.792016	1	-20.0758	-1.44191
0.00321907	-0.573737	0.104407	-0.812358	1	-20.0476	-1.44226
0.0146349	-0.536051	0.0555545	-0.842356	1	-20.0447	-1.44513
0.0349977	-0.555132	-0.00579531	-0.831742	1	-20.037	-1.46572
0.0187925	-0.512145	-0.0528994	-0.857269	1	-20.0255	-1.46191
0.052881	-0.538403	-0.047972	-0.841321	1	-20.0355	-1.45659
0.00852366	-0.540335	-0.0432407	-0.840338	1	-20.0391	-1.45031
0.0100936	-0.693305	-0.0175717	-0.72043	1	-20.2731	-1.41931
0.00576792	-0.474235	-0.226058	-0.850881	1	-20.0205	-1.49186
0.0132155	-0.539081	-0.296422	-0.788369	1	-20.0429	-1.485
0.00312482	-0.285857	-0.420505	-0.861082	1	-20.0372	-1.47751
0.0180239	-0.596254	-0.194776	-0.778809	1	-20.0954	-1.52953
0.00488066	-0.597451	-0.0938365	-0.796396	1	-20.0895	-1.48315
0.0606435	-0.473621	-0.0464081	-0.879505	1	-19.9309	-1.46167
0.00821629	-0.305704	0.07514	-0.949157	1	-19.7475	-1.34718
0.00321679	-0.389832	-0.108346	-0.91449	1	-19.8409	-1.53293
0.015787	-0.628497	0.0955672	-0.771918	1	-20.1565	-1.34342
0.0194799	-0.501699	0.0414992	-0.864046	1	-20.0074	-1.43857
0.00378641	-0.900896	-0.256607	-0.350056	1	-20.3676	-1.68673
0.00662873	-0.617515	0.117591	-0.777719	1	-20.0917	-1.37211
0.291062	-0.505865	-0.078508	-0.859032	1	-19.9802	-1.47901
0.140465	-0.523239	-0.017306	-0.85201	1	-20.0022	-1.41351
0.00573017	-0.545627	0.211161	-0.810988	1	-20.0332	-1.34239
0.0054698	-0.467226	0.365562	-0.805024	1	-19.9999	-1.36237
0.00531506	-0.423234	0.277137	-0.862594	1	-19.9811	-1.4001
0.00912827	-0.493877	-0.219565	-0.841354	1	-20.0057	-1.51962
0.0133104	-0.506242	-0.171959	-0.845073	1	-19.9889	-1.59397
0.00452878	-0.61947	0.573083	-0.5365	1	-20.1393	-1.28836
0.0938349	-0.553001	-0.00251377	-0.833177	1	-20.029	-1.43075
0.00808762	-0.579715	-0.0236623	-0.814476	1	-20.0318	-1.43496
0.037621	-0.532634	-0.0507692	-0.844822	1	-20.0252	-1.43811
0.00582771	-0.244765	-0.0826007	-0.966058	1	-19.9993	-1.4365
0.0517077	-0.493948	0.0190772	-0.869282	1	-20.0004	-1.40335
0.0253781	-0.525991	-0.0256076	-0.850105	1	-20.0507	-1.42779
0.0596209	-0.54931	-0.0354354	-0.834867	1	-20.0472	-1.43984
0.00562185	-0.550136	-0.0167889	-0.834906	1	-20.0479	-1.42449
0.00420636	-0.558103	0.0996211	-0.82377	1	-20.0083	-1.46092
0.0116167	-0.544912	-0.0111214	-0.83842	1	-20.0064	-1.46825
0.063252	-0.503578	-0.0607193	-0.861814	1	-20.0086	-1.45614
0.244842	-0.512176	-0.0454991	-0.857675	1	-20.0122	-1.45117
0.0532493	-0.521831	-0.0477397	-0.851712	1	-20.0182	-1.45172
0.0109649	-0.51619	-0.0405811	-0.855512	1	-20.0143	-1.44798
0.0177432	-0.519826	-0.0476418	-0.852943	1	-20.0171	-1.45184
0.00343525	0.307492	-0.842386	-0.442532	1	-19.7118	-1.88645
0.0196294	-0.549115	0.179244	-0.816299	1	-20.0383	-1.3727
0.0424988	-0.523928	-0.0431052	-0.850671	1	-20.0203	-1.44872
0.0290622	-0.536828	-0.0415864	-0.842666	1	-20.0336	-1.44789
0.00300669	-0.0621156	-0.0997161	-0.993075	1	-19.9206	-1.44058
0.00383439	-0.38717	0.126861	-0.913239	1	-19.9652	-1.37954
0.00588732	-0.577053	-0.0406097	-0.815696	1	-20.0498	-1.44385
0.122147	-0.533533	-0.0578569	-0.843798	1	-20.0423	-1.44424
0.0063876	-0.629503	0.404108	-0.663643	1	-20.063	-1.40377
0.0483232	-0.563243	-0.0392008	-0.825361	1	-20.0469	-1.443
0.0566813	-0.512356	-0.00131361	-0.858772	1	-20.0231	-1.42845
0.0042365	-0.669548	0.21963	-0.709555	1	-20.0983	-1.36937
0.29783	-0.532497	-0.0204388	-0.846185	1	-20.031	-1.43237
0.115856	-0.561314	-0.0316158	-0.826999	1	-20.066	-1.45639
0.0181619	-0.598864	-0.0589308	-0.79868	1	-20.0707	-1.46021
0.0701993	-0.546366	-0.0709802	-0.834533	1	-20.0427	-1.46254
0.0252523	-0.402052	0.178158	-0.898117	1	-19.9804	-1.39996
0.0114605	-0.532922	-0.027159	-0.845728	1	-20.067	-1.45553
0.0727175	-0.538153	-0.0536831	-0.841136	1	-20.0357	-1.45752
0.029693	-0.714836	-0.0816073	-0.694514	1	-20.2496	-1.49618
0.00385316	-0.683419	-0.0707165	-0.726593	1	-20.2466	-1.46119
0.0157398	-0.609996	-0.0299317	-0.791839	1	-20.1385	-1.43675
0.00402442	-0.544784	0.237465	-0.804252	1	-20.068	-1.30202
0.00723482	-0.473615	0.130927	-0.870946	1	-19.9709	-1.31591
0.0318352	-0.538769	-0.0436254	-0.841323	1	-20.0347	-1.44919
0.00562111	-0.453677	-0.137152	-0.880549	1	-19.9908	-1.45007
0.0207137	-0.464298	-0.120304	-0.87747	1	-19.991	-1.44955
0.00643533	-0.467607	-0.138838	-0.872965	1	-19.9912	-1.45005
0.00304957	-0.200795	0.357576	-0.912042	1	-19.982	-1.42274
0.0146637	-0.494932	-0.0389748	-0.868057	1	-20.0022	-1.43741
0.116268	-0.535812	-0.0398488	-0.843396	1	-20.028	-1.43851
0.0665791	-0.518923	-0.0358063	-0.854071	1	-20.0168	-1.43636
0.0844107	-0.540169	-0.0172009	-0.841381	1	-20.0308	-1.4275
0.00332833	-0.52676	-0.0254156	-0.849634	1	-20.0199	-1.43287
0.137833	-0.535152	-0.0412732	-0.843747	1	-20.0292	-1.44587
0.0145581	-0.518763	0.0882155	-0.850355	1	-20.0198	-1.35597
0.303121	-0.543728	-0.049203	-0.837818	1	-20.0409	-1.453
0.00484393	-0.623665	0.0320172	-0.781035	1	-20.137	-1.38872
0.0125335	-0.656979	-0.0484582	-0.75235	1	-20.0634	-1.43901
0.00363587	-0.578539	-0.0235263	-0.815315	1	-20.0622	-1.43887
0.00444872	-0.669083	0.0403581	-0.742091	1	-20.0646	-1.43824
0.0061656	-0.481465	-0.04549	-0.875284	1	-20.0589	-1.43944
0.561063	-0.544996	-0.0377516	-0.837588	1	-20.0415	-1.4434
0.419973	-0.540188	-0.0420576	-0.840493	1	-20.0361	-1.4466
0.00400862	-0.885555	0.246838	-0.393527	1	-20.9454	-1.06372
0.00392073	-0.499554	0.0600723	-0.864197	1	-20.0299	-1.39496
0.00799628	-0.590469	0.0114667	-0.806979	1	-20.0868	-1.3965
0.0198135	-0.54859	0.0240994	-0.835744	1	-20.0456	-1.38851
0.0564587	-0.525199	-0.0101457	-0.850919	1	-20.0189	-1.41924
0.0111974	-0.272044	-0.0884075	-0.958215	1	-19.891	-1.45369
0.00774091	-0.88542	0.242135	-0.39674	1	-20.4433	-1.25439
0.0115191	-0.509522	-0.00226556	-0.860455	1	-20.0267	-1.43492
0.0039814	-0.456901	-0.417357	-0.785528	1	-20.0052	-1.78101
0.00792686	-0.771014	-0.171677	-0.613241	1	-20.2585	-1.60562
0.0069343	-0.561196	-0.0809248	-0.823717	1	-20.0682	-1.48472
0.00991436	-0.535026	-0.210404	-0.818216	1	-20.0371	-1.49921
0.0133018	-0.508869	-0.145631	-0.848436	1	-20.0281	-1.48527
0.0178605	-0.452589	-0.180424	-0.873276	1	-19.9938	-1.50247
0.0402727	-0.549417	-0.0402785	-0.834577	1	-20.041	-1.44549
0.021682	-0.522349	-0.355918	-0.774903	1	-20.0445	-1.58608
0.0116681	-0.513529	-0.154525	-0.844044	1	-20.0053	-1.54929
0.00686184	-0.320807	0.177593	-0.930346	1	-19.9439	-1.26467
0.02445	-0.713046	-0.114811	-0.691653	1	-20.1886	-1.49269
0.00616408	-0.535319	-0.00904607	-0.844601	1	-20.0248	-1.43762
0.00753221	-0.512713	-0.0239269	-0.858226	1	-20.02	-1.44167
0.010993	-0.593907	-0.212452	-0.775976	1	-20.0273	-1.4486
0.00433109	-0.69225	-0.0489107	-0.719998	1	-20.4285	-1.40362
0.0187805	-0.555559	-0.0255365	-0.831085	1	-20.0616	-1.42814
0.00894574	-0.335704	-0.00467761	-0.941956	1	-19.7987	-1.43738
0.0221151	-0.543198	-0.00390326	-0.839596	1	-20.0417	-1.39564
0.0670605	-0.533366	-0.0173182	-0.845707	1	-20.0225	-1.41411
0.00783904	-0.45801	0.279534	-0.843853	1	-19.9534	-1.253
0.048119	-0.44767	-0.127443	-0.88507	1	-19.9643	-1.48123
0.00494517	-0.740505	0.0151993	-0.671879	1	-20.1947	-1.40919
0.136362	-0.508257	-0.0297101	-0.860693	1	-19.9925	-1.43427
0.0135598	-0.522128	-0.0274153	-0.852427	1	-20.0048	-1.43299
0.00569735	-0.462885	0.00780182	-0.886384	1	-19.9658	-1.41607
0.00685754	-0.100062	0.0384788	-0.994237	1	-19.6278	-1.37921
0.00591811	-0.416179	-0.417485	-0.807776	1	-19.9464	-1.56703
0.0123755	-0.443778	-0.162147	-0.881345	1	-20.0092	-1.44654
0.00406291	-0.383152	-0.600378	-0.701955	1	-20.0761	-1.75359
0.0097574	-0.408407	-0.0583493	-0.910933	1	-19.8683	-1.46152
0.0614511	-0.541524	-0.0520044	-0.839075	1	-20.0362	-1.44615
0.25531	-0.541385	-0.0505747	-0.839253	1	-20.0362	-1.44612
0.0573036	-0.540695	-0.0469984	-0.839905	1	-20.0362	-1.44595
0.0047539	-0.54382	-0.0434285	-0.838077	1	-20.037	-1.44504
0.0212433	-0.494845	-0.0578616	-0.867053	1	-20.0242	-1.44751
0.37001	-0.543131	-0.042444	-0.838575	1	-20.0367	-1.44482
0.287532	-0.540239	-0.0380695	-0.84065	1	-20.0356	-1.44363
0.00539806	-0.539596	-0.037894	-0.841071	1	-20.0353	-1.44357
0.025079	-0.538954	-0.0396509	-0.841401	1	-20.0351	-1.4441
0.0130047	-0.538656	-0.0393008	-0.841609	1	-20.0349	-1.44399
0.00856206	-0.537968	-0.0413196	-0.841952	1	-20.0346	-1.44475
0.0612557	-0.539761	-0.0356548	-0.841063	1	-20.0357	-1.44324
0.17686	-0.538282	-0.0397571	-0.841826	1	-20.0354	-1.4444
0.00460305	-0.575496	0.0859615	-0.813274	1	-20.0375	-1.44049
0.0803107	-0.5493	-0.047392	-0.83428	1	-20.0372	-1.44228
0.471921	-0.550847	-0.0454567	-0.833368	1	-20.0371	-1.44223
0.00345633	-0.545497	-0.0366074	-0.837313	1	-20.0364	-1.44154
0.00464108	-0.542892	-0.0346512	-0.839087	1	-20.0362	-1.44118
0.05593	-0.539148	-0.0368194	-0.841406	1	-20.0354	-1.44151
0.0607274	-0.540065	-0.0359336	-0.840856	1	-20.0357	-1.44136
0.0169605	-0.552032	-0.00625245	-0.8338	1	-20.0381	-1.44011
0.0145913	-0.554268	-0.0228092	-0.832026	1	-20.0379	-1.44042
0.0146333	-0.542375	-0.0342352	-0.839438	1	-20.0362	-1.4412
0.0208289	-0.532801	-0.00113388	-0.84624	1	-20.0306	-1.42495
0.0105881	-0.528311	-0.0307027	-0.848496	1	-20.0288	-1.42974
0.0105415	-0.525783	-0.0336754	-0.849952	1	-20.0278	-1.43053
0.110858	-0.526101	-0.0306504	-0.84987	1	-20.0279	-1.42965
0.0149753	-0.523063	-0.0340513	-0.851613	1	-20.0267	-1.43059
0.693165	-0.528132	-0.0312636	-0.848587	1	-20.0291	-1.42951
0.00784596	-0.537667	-0.033303	-0.8425	1	-20.0351	-1.43051
0.020699	-0.531494	-0.0303026	-0.84652	1	-20.0311	-1.42907
0.0206864	-0.540273	-0.0312078	-0.840911	1	-20.0376	-1.42971
0.00302484	-0.540506	-0.0410229	-0.840339	1	-20.038	-1.43571
0.0875042	-0.533253	-0.0367562	-0.845157	1	-20.0351	-1.42762
0.274071	-0.534423	-0.0318693	-0.844616	1	-20.0351	-1.4276
0.148195	-0.533997	-0.0289168	-0.844992	1	-20.0351	-1.42755
0.175204	-0.533898	-0.029655	-0.845029	1	-20.0351	-1.42756
0.106875	-0.531404	-0.0278344	-0.846661	1	-20.035	-1.42748
0.0683573	-0.529046	-0.0280372	-0.84813	1	-20.0347	-1.4275
0.31005	-0.532889	-0.0311633	-0.845611	1	-20.0356	-1.42805
0.0038193	-0.536656	-0.0272041	-0.843362	1	-20.0368	-1.42722
0.00455068	-0.728498	0.484568	-0.484237	1	-20.088	-1.35867
0.0108193	-0.541546	-0.0299767	-0.840137	1	-20.0386	-1.42827
0.0237291	-0.540294	-0.0319735	-0.840868	1	-20.038	-1.42899
0.00453682	-0.545154	-0.0823127	-0.834285	1	-20.0512	-1.41958
0.0307947	-0.59186	-0.278051	-0.756565	1	-20.0502	-1.50036
0.00388606	-0.500916	-0.166233	-0.849382	1	-20.0237	-1.4767
0.0134571	-0.547921	-0.0994269	-0.830601	1	-20.04	-1.46081
0.806511	-0.541378	-0.0323497	-0.840157	1	-20.0388	-1.42931
0.367616	-0.547264	-0.016226	-0.836803	1	-20.0438	-1.42086
0.020171	-0.54486	-0.0283008	-0.838049	1	-20.0426	-1.42759
0.00472908	-0.495442	0.0727476	-0.86559	1	-19.9955	-1.35592
0.0124729	-0.494721	-0.093269	-0.864032	1	-19.9977	-1.48168
0.0134426	-0.490185	-0.112374	-0.864344	1	-19.9968	-1.48454
0.0039951	-0.388484	0.128641	-0.912432	1	-20.0223	-1.38163
0.00463115	-0.479533	0.041411	-0.876546	1	-20.0329	-1.38968
0.0071503	-0.50382	0.0601431	-0.861712	1	-20.0195	-1.38742
0.00381716	-0.728109	0.0691665	-0.681963	1	-20.1684	-1.38575
0.00821217	-0.537382	-0.0121006	-0.843252	1	-20.0374	-1.41194
0.0081511	-0.565287	0.0264652	-0.82447	1	-20.0518	-1.39804
0.00480126	-0.527188	-0.149702	-0.836458	1	-20.0396	-1.44353
0.089383	-0.516246	-0.0541646	-0.854726	1	-20.036	-1.4073
0.00308189	-0.532213	-0.0396011	-0.845684	1	-20.0371	-1.40685
0.0643621	-0.553094	0.00867201	-0.833074	1	-20.0396	-1.40366
0.0088164	-0.54621	0.0160386	-0.837494	1	-20.0388	-1.403
0.169224	-0.545379	-0.0114125	-0.838112	1	-20.0393	-1.40762
0.535852	-0.53949	0.0019773	-0.84199	1	-20.0378	-1.40314
0.0238495	-0.536664	0.00056443	-0.843796	1	-20.0356	-1.4039
0.0198729	-0.54835	-0.0121951	-0.83616	1	-20.0453	-1.4124
0.0102702	-0.307752	0.0704751	-0.948853	1	-19.9154	-1.33994
0.00336551	-0.550896	-0.0358875	-0.833802	1	-20.0446	-1.42934
0.00432199	-0.681862	-0.26731	-0.680889	1	-20.1166	-1.45177
0.068472	-0.609647	-0.0164722	-0.792502	1	-20.0692	-1.41401
0.00860674	-0.597919	-0.0258049	-0.801141	1	-20.0644	-1.41632
0.00493701	-0.569463	0.00465429	-0.822004	1	-20.0514	-1.40699
0.0559341	-0.49733	-0.0313209	-0.866996	1	-20.0235	-1.42334
0.0365876	-0.497407	-0.0230379	-0.867212	1	-20.0235	-1.42215
0.00313602	-0.524668	-0.0277446	-0.850855	1	-20.0293	-1.42296
0.0126723	-0.669112	-0.0109464	-0.743081	1	-20.0985	-1.4218
0.0335589	-0.627091	-0.0822131	-0.774595	1	-20.0782	-1.44215
0.0281975	-0.412321	-0.0526436	-0.909517	1	-20.021	-1.424
0.0498788	-0.553301	0.0377698	-0.832125	1	-20.0367	-1.41675
0.0269251	-0.525166	0.0395418	-0.850081	1	-20.035	-1.41674
0.37527	-0.544111	-0.0312261	-0.838432	1	-20.0535	-1.44297
0.0116315	-0.542244	-0.038448	-0.839341	1	-20.0531	-1.4437
0.783582	-0.555461	-0.0524915	-0.829884	1	-20.0554	-1.44543
0.0158303	-0.506696	0.156709	-0.847762	1	-20.0386	-1.39136
0.00412059	0.0452493	0.459504	-0.887022	1	-19.9509	-1.34486
0.0134961	-0.210337	0.231737	-0.949766	1	-19.9784	-1.40135
0.0549117	-0.58544	-0.0774508	-0.807008	1	-20.0647	-1.45267
8.54361	-0.545581	-0.0397311	-0.837116	1	-20.0517	-1.44448
0.00418851	-0.570613	-0.105685	-0.81439	1	-20.0926	-1.52306
0.00505721	-0.500587	-0.0509539	-0.864186	1	-19.9743	-1.45641
0.0291614	-0.612411	0.112282	-0.782525	1	-20.1542	-1.2833
0.0122164	-0.57728	0.176628	-0.797214	1	-20.1219	-1.25963
0.0590271	-0.608183	0.0544309	-0.791929	1	-20.1492	-1.3561
0.351345	-0.548017	-0.0361205	-0.835687	1	-20.0557	-1.4394
0.0112839	-0.501088	-0.0925106	-0.860437	1	-20.0234	-1.50316
0.0339742	-0.563078	-0.0401653	-0.825427	1	-20.1014	-1.4662
0.0144764	-0.62052	-0.126089	-0.773987	1	-20.1554	-1.5354
0.0417019	-0.611666	-0.117727	-0.782307	1	-20.1459	-1.52489
0.0422589	-0.575496	-0.0666739	-0.815082	1	-20.1129	-1.48444
0.00565119	-0.692454	0.137402	-0.708257	1	-20.277	-1.27476
0.00732599	-0.47246	-0.162488	-0.866245	1	-19.9788	-1.57241
0.0240322	-0.191109	-0.046442	-0.98047	1	-19.7416	-1.47957
0.0120798	-0.604268	-0.144097	-0.783643	1	-20.279	-1.66267
0.0274178	-0.619736	0.0933737	-0.779236	1	-20.2664	-1.26272
0.0462679	-0.586852	0.073194	-0.806379	1	-20.2282	-1.28504
0.0134951	-0.520151	-0.0679595	-0.851366	1	-20.2337	-1.38494
0.0103937	-0.692644	0.0135306	-0.721152	1	-20.4016	-1.34121
0.0173828	-0.555179	0.416038	-0.7202	1	-20.2911	-1.05501
0.0161058	-0.476719	-0.217298	-0.851775	1	-19.6805	-1.58274
0.0344002	-0.315672	-0.0505012	-0.947523	1	-19.6155	-1.52299
0.0407565	-0.32852	-0.0518019	-0.943075	1	-19.6167	-1.52293
0.0515724	-0.338305	-0.213389	-0.916523	1	-19.6184	-1.5352
0.0602116	-0.338636	-0.0753411	-0.937896	1	-19.6181	-1.52871
0.00460818	-0.332516	-0.0996089	-0.937823	1	-19.6181	-1.52906
0.00344363	-0.0588879	-0.0346055	-0.997665	1	-19.5812	-1.50228
0.00623801	-0.336085	0.171308	-0.926121	1	-19.6174	-1.47849
0.116694	-0.328038	-0.107961	-0.938475	1	-19.6153	-1.53007
0.0239367	-0.327282	-0.111887	-0.938279	1	-19.6153	-1.53015
0.00717283	-0.323802	-0.100365	-0.940786	1	-19.615	-1.52925
0.0213585	-0.321476	-0.0939531	-0.942245	1	-19.6146	-1.52844
0.0703281	-0.394746	-0.0962559	-0.913734	1	-19.6299	-1.52468
0.0124188	-0.432019	-0.0506434	-0.900442	1	-19.6342	-1.52033
0.0150604	-0.321009	-0.0998295	-0.9418	1	-19.6154	-1.52845
0.132488	-0.0991652	-0.0394303	-0.994289	1	-19.2741	-1.50031
0.0128086	-0.0472935	-0.00431667	-0.998872	1	-19.2358	-1.51404
0.017778	-0.108882	-0.135037	-0.98484	1	-19.2928	-1.57728
0.0293136	-0.0455546	-0.088013	-0.995077	1	-19.2031	-1.5294
0.00848066	0.0121855	-0.00814186	-0.999893	1	-19.1719	-1.45651
0.0482645	-0.0186113	-0.0924207	-0.995546	1	-19.1996	-1.53178
0.0157037	-0.503876	0.120166	-0.855376	1	-20.3358	-1.5141
0.0039466	-0.65541	-0.100322	-0.748581	1	-20.3737	-1.54188
0.016701	-0.269681	0.0575807	-0.961227	1	-19.7637	-1.38283
0.00855886	-0.384678	0.0757787	-0.919935	1	-19.7808	-1.37846
0.0913101	-0.410218	0.00326626	-0.911982	1	-19.7894	-1.40096
0.0108932	-0.253172	0.252373	-0.933923	1	-19.9291	-1.34177
0.0832057	-0.55819	-0.0164157	-0.829551	1	-20.0538	-1.41763
0.14483	-0.569724	-0.00410493	-0.821826	1	-20.0627	-1.41116
0.175363	-0.538899	-0.0123975	-0.842279	1	-20.0388	-1.41522
0.00300493	-0.430861	0.291941	-0.853891	1	-19.9919	-1.33039
0.00338884	-0.618276	0.330832	-0.712941	1	-20.0517	-1.3163
0.0120996	-0.35898	0.0507085	-0.931967	1	-19.9192	-1.38771
0.0034563	-0.389889	0.00965503	-0.920811	1	-19.9343	-1.40525
0.0318013	-0.398467	-0.0552944	-0.915514	1	-19.939	-1.43683
0.0427702	-0.457152	-0.00289716	-0.889384	1	-20.0405	-1.4292
0.143705	-0.527649	-0.0499908	-0.84799	1	-20.0411	-1.432
0.113424	-0.534244	-0.0510397	-0.843788	1	-20.0416	-1.43211
0.00894059	-0.556899	-0.0574505	-0.828591	1	-20.0454	-1.43347
0.00618831	-0.420581	-0.148428	-0.895031	1	-20.0377	-1.43644
0.365278	-0.533874	-0.0438016	-0.844428	1	-20.0394	-1.43076
0.0235585	-0.535141	-0.0346329	-0.844052	1	-20.0399	-1.42859
0.020473	-0.465579	0.0208598	-0.88476	1	-19.9997	-1.40676
0.0888951	-0.50458	-0.0608395	-0.861219	1	-20.0207	-1.43921
0.0181606	-0.560059	-0.0405684	-0.827459	1	-20.0601	-1.43328
0.0371275	-0.559015	-0.0714732	-0.826071	1	-20.0586	-1.45052
0.0753075	-0.617239	-0.117592	-0.777938	1	-20.1257	-1.47573
0.00851852	-0.559442	-0.0553664	-0.827018	1	-20.0605	-1.4446
0.0239598	-0.594833	0.0763551	-0.800215	1	-20.0541	-1.41702
0.00715782	-0.555885	-0.0157901	-0.831109	1	-20.0504	-1.41773
0.00691715	-0.458586	-0.00395617	-0.888641	1	-20.0212	-1.37653
0.00508293	-0.55658	0.116194	-0.822629	1	-20.0374	-1.35519
0.00775446	-0.754	-0.137935	-0.642229	1	-21.3577	-0.779527
0.00330149	-0.648219	0.0682046	-0.758393	1	-20.2665	-0.993372
0.057524	-0.609175	0.122255	-0.783556	1	-20.2445	-0.968123
0.0130805	-0.722279	0.155177	-0.673968	1	-20.2939	-0.942516
0.0434249	-0.754449	-0.250337	-0.606744	1	-20.733	-1.87755
0.00570844	-0.368078	0.563969	-0.739228	1	-19.7041	-0.56076
0.0033369	-0.410851	0.705278	-0.57774	1	-19.6819	-0.558722
0.0295753	-0.338815	0.477214	-0.810846	1	-19.6766	-0.561025
0.0194596	-0.331845	0.480292	-0.811911	1	-19.6742	-0.56272
0.0115866	-0.342548	0.494381	-0.798905	1	-19.6774	-0.558457
0.0225435	-0.529731	-0.126319	-0.838706	1	-19.9688	-1.51694
0.00840996	-0.554672	-0.11891	-0.823529	1	-19.9838	-1.51107
0.0104489	-0.547912	-0.117991	-0.828173	1	-19.9771	-1.5118
0.0325546	-0.660634	-0.121856	-0.740752	1	-20.0542	-1.51605
0.00947574	-0.646969	0.0636375	-0.759857	1	-20.018	-1.48539
0.0912164	-0.543134	-0.130452	-0.82945	1	-19.9653	-1.51871
0.00450551	-0.553472	-0.214131	-0.804871	1	-19.9794	-1.56675
0.0298064	-0.529707	-0.114404	-0.84043	1	-19.9536	-1.50776
0.00573841	-0.395855	-0.0102278	-0.918256	1	-19.7828	-1.59852
0.144527	-0.457809	-0.110321	-0.882179	1	-19.7848	-1.60497
0.0222623	-0.475735	-0.120795	-0.871255	1	-19.7885	-1.60685
0.10603	-0.455381	-0.122714	-0.881799	1	-19.7834	-1.60692
0.0403078	-0.455425	-0.117667	-0.882464	1	-19.784	-1.60535
0.0306318	-0.480314	0.104052	-0.870903	1	-19.7906	-1.53219
0.0238214	-0.682936	-0.0720152	-0.72692	1	-19.9492	-1.57268
0.00989779	-0.534764	-0.041597	-0.843977	1	-19.8653	-1.56063
0.00989417	-0.773954	0.143309	-0.616813	1	-20.03	-1.50059
0.0188843	-0.399032	-0.0858246	-0.912912	1	-19.7903	-1.60713
0.0110439	-0.62276	-0.0335058	-0.781695	1	-19.9184	-1.56197
0.101131	-0.431547	-0.0660929	-0.899666	1	-19.7447	-1.57492
0.222512	-0.461418	-0.124698	-0.878376	1	-19.7952	-1.62513
0.00429769	-0.461981	-0.117088	-0.879127	1	-19.7953	-1.61253
0.0252381	-0.280406	-0.178746	-0.943092	1	-19.5241	-1.56247
0.0212077	-0.358887	-0.00339637	-0.933375	1	-19.5451	-1.52174
0.0155126	-0.357169	-0.112983	-0.927181	1	-19.5457	-1.54982
0.0268843	-0.495666	-0.121108	-0.860028	1	-19.5868	-1.5457
0.0066589	0.221275	0.171614	-0.959993	1	-18.2667	-0.861387
0.00956519	0.226744	0.353844	-0.907404	1	-18.6963	-0.549653
0.00480248	0.331441	0.66165	-0.672582	1	-18.7666	-0.515977
0.00374101	-0.266956	0.475069	-0.838477	1	-19.3635	-0.148329
0.0427516	-0.259951	0.486073	-0.834361	1	-19.3592	-0.138209
0.00389766	-0.181168	0.450821	-0.874036	1	-19.288	-0.176866
0.0195729	-0.225857	0.765217	-0.602854	1	-19.4026	0.349958
0.0140809	-0.526047	0.455926	-0.717918	1	-20.2506	-0.0664249
0.716532	-0.549098	0.432382	-0.715218	1	-20.2863	-0.10853
0.00320188	-0.131864	0.735159	-0.664946	1	-19.9073	-0.0573582
0.00306619	-0.372982	0.198955	-0.906257	1	-19.9694	-0.457311
0.175803	-0.136912	0.19834	-0.970524	1	-23.2811	-2.22215
0.191577	-0.713349	-0.156668	-0.683072	1	-23.3323	-2.24674
0.00402697	-0.535004	0.277063	-0.798127	1	-20.1295	-1.34512
0.0775584	-0.579835	-0.0481958	-0.813307	1	-20.1843	-1.43259
0.00739317	-0.5918	-0.0226572	-0.805766	1	-20.1882	-1.42684
0.00421117	-0.488701	-0.0178954	-0.872268	1	-20.1683	-1.42549
0.0372716	-0.63409	0.000591828	-0.773259	1	-20.1963	-1.42305
0.0101274	-0.585199	-0.00337296	-0.810883	1	-20.1849	-1.42356
0.00453831	-0.583312	-0.0295116	-0.811712	1	-20.1843	-1.42764
0.376855	-0.57925	-0.0253086	-0.814757	1	-20.1833	-1.42762
0.00423038	0.0025108	-0.147893	-0.989	1	-20.0832	-1.46062
0.877597	-0.577264	-0.0308831	-0.815973	1	-20.182	-1.42967
0.0262612	-0.519094	-0.0392087	-0.853817	1	-20.1065	-1.45282
0.0179822	-0.66814	-0.0648237	-0.741207	1	-20.2748	-1.45728
0.0147022	-0.643187	0.0260418	-0.765266	1	-20.3112	-1.35493
0.0458864	-0.564321	-0.0156332	-0.825407	1	-20.1955	-1.44779
0.00365321	-0.569952	-0.0437449	-0.820512	1	-20.196	-1.44951
0.0337023	-0.596534	-0.0596381	-0.800369	1	-20.2013	-1.45177
0.0631589	-0.575705	0.00273263	-0.817653	1	-20.1765	-1.4119
0.0446161	-0.572285	-0.0492137	-0.818577	1	-20.1787	-1.46208
0.00436853	-0.672329	-0.43966	-0.595543	1	-20.2871	-1.62771
0.0632446	-0.608871	0.0146872	-0.793133	1	-20.2404	-1.39387
0.0121558	-0.74657	-0.0740021	-0.661178	1	-20.417	-1.48376
0.00492862	-0.0766652	-0.0789867	-0.993923	1	-19.8998	-1.41378
0.0269568	-0.481527	-0.0709338	-0.873556	1	-20.1033	-1.41228
0.0275812	-0.587572	0.0183244	-0.808964	1	-20.1952	-1.37905
0.0101427	-0.389133	-0.416521	-0.821636	1	-19.9733	-1.83014
0.00351384	-0.709214	0.421374	-0.565208	1	-20.2934	-1.38504
0.00489074	-0.759017	-0.229307	-0.609353	1	-20.2961	-1.44723
0.00863559	-0.813918	0.105985	-0.571231	1	-20.3078	-1.38043
0.027545	-0.668376	0.0159368	-0.743653	1	-20.2289	-1.40939
0.0044491	-0.607597	0.0624107	-0.79179	1	-20.1997	-1.39676
0.00335495	-0.468779	0.197521	-0.860948	1	-20.1746	-1.37014
0.0101433	-0.639214	-0.120227	-0.759573	1	-20.1986	-1.44741
0.00685599	-0.521331	-0.0567975	-0.851462	1	-20.1407	-1.45349
0.0103661	-0.403026	-0.218796	-0.88865	1	-19.937	-1.70709
0.0111852	-0.559476	-0.167072	-0.811833	1	-20.2099	-1.46401
0.00362789	-0.674843	-0.165527	-0.719158	1	-20.2143	-1.46447
0.0241783	-0.674948	-0.115811	-0.72872	1	-20.2136	-1.4628
0.00926369	-0.603501	0.0381602	-0.796449	1	-20.2012	-1.42653
0.00639984	-0.724019	-0.171102	-0.668221	1	-20.5025	-1.41565
0.0196886	-0.674703	0.0775091	-0.734008	1	-20.2289	-1.42972
0.0277887	-0.618952	-0.0500535	-0.783832	1	-20.2218	-1.44183
0.0123879	-0.586301	-0.120872	-0.801025	1	-20.2168	-1.53501
0.0408461	-0.604311	-0.100151	-0.790429	1	-20.2418	-1.51616
0.0769703	-0.551596	0.0246936	-0.833746	1	-20.1742	-1.42036
0.0200711	-0.577873	-0.0117127	-0.816043	1	-20.1983	-1.44296
0.00500582	-0.555904	-0.166653	-0.814369	1	-20.1667	-1.59164
0.0045046	-0.531145	-0.300779	-0.792097	1	-20.1806	-1.54522
0.0122983	-0.601615	0.159498	-0.7827	1	-20.3251	-1.45523
0.0855746	-0.671298	-0.0356974	-0.740327	1	-20.3449	-1.49129
0.0223554	-0.562223	0.0346468	-0.82626	1	-20.1658	-1.374
0.00439946	-0.455005	0.272273	-0.847843	1	-20.2603	-1.23819
0.00573236	-0.833979	0.119323	-0.53874	1	-20.4796	-1.55714
0.00392831	-0.481505	0.0978367	-0.870965	1	-20.1374	-1.38817
0.00583582	-0.423542	0.000665919	-0.905876	1	-20.125	-1.42434
0.00493934	-0.456783	-0.335867	-0.823737	1	-20.1443	-1.4949
0.00810428	-0.57792	-0.00486123	-0.816079	1	-20.1778	-1.4432
0.00424279	-0.793849	-0.119352	-0.596288	1	-20.2256	-1.46104
0.0487497	-0.628253	-0.0938143	-0.772332	1	-20.1963	-1.46091
0.0120569	-0.588866	-0.0880863	-0.803416	1	-20.1952	-1.47187
0.022622	-0.632303	0.224858	-0.741371	1	-20.2921	-1.25329
0.0117943	-0.555989	0.0185833	-0.830982	1	-20.2046	-1.46786
0.0215686	-0.668516	-0.133562	-0.731606	1	-20.3157	-1.54003
0.0117477	-0.633555	-0.136834	-0.761501	1	-20.2767	-1.55447
0.00491494	0.0870111	0.364086	-0.927292	1	-19.7505	-1.25638
0.00589684	-0.591885	-0.0743392	-0.802587	1	-20.221	-1.49721
0.00327272	-0.148884	-0.298405	-0.942756	1	-20.0616	-1.55513
0.214133	-0.571596	-0.00877924	-0.820488	1	-20.1776	-1.4222
0.00877414	-0.623073	-0.228645	-0.747998	1	-20.2489	-1.56546
0.0267607	-0.572373	-0.0396109	-0.819036	1	-20.1949	-1.44009
0.0893337	-0.557142	-0.034199	-0.829713	1	-20.1865	-1.43786
0.00696862	-0.527975	-0.150594	-0.835801	1	-20.0722	-1.57102
0.0912185	-0.552773	-0.0210948	-0.833065	1	-20.1034	-1.44758
0.02887	-0.529273	0.0260548	-0.848051	1	-20.0562	-1.35125
0.0193297	-0.122194	0.226983	-0.966203	1	-19.9638	-1.35885
0.0185251	-0.546216	-0.0101902	-0.837582	1	-20.1405	-1.43687
0.00345061	-0.669244	-0.281122	-0.68781	1	-20.2783	-1.47019
0.00362423	-0.643446	0.111413	-0.75734	1	-20.2517	-1.39536
0.00503291	-0.741225	0.306787	-0.597049	1	-20.2654	-1.43797
0.00851693	-0.767446	-0.172925	-0.617352	1	-20.289	-1.44898
0.0033663	-0.648472	-0.0212936	-0.760941	1	-20.2529	-1.42425
0.00405633	-0.212633	0.00575587	-0.977115	1	-20.1064	-1.41536
0.00577314	-0.612292	-0.0140557	-0.790507	1	-20.2199	-1.42016
0.01111	-0.61542	-0.0049288	-0.788184	1	-20.2329	-1.4189
0.0268289	-0.506822	0.0431104	-0.860972	1	-20.0343	-1.37407
0.0191063	-0.589798	-0.0708563	-0.804436	1	-20.0181	-1.40053
0.0137639	-0.450734	-0.24946	-0.857093	1	-19.9001	-1.54886
0.104943	-0.527784	-0.0497882	-0.847918	1	-20.037	-1.44958
0.00847561	-0.49061	-0.121329	-0.862891	1	-20.0074	-1.50565
0.0175243	-0.579652	0.0111898	-0.814787	1	-20.0822	-1.40246
0.0260594	-0.536779	-0.0401671	-0.842766	1	-20.0597	-1.4368
0.0901208	-0.535741	-0.0391648	-0.843473	1	-20.0582	-1.43578
0.00645445	-0.30922	0.0893753	-0.946781	1	-19.7812	-1.32926
0.0127865	0.0451492	0.49843	-0.865753	1	-19.9314	-1.29499
0.0453252	-0.549075	-0.00259129	-0.835769	1	-20.0917	-1.41427
0.0634175	-0.507243	-0.0234224	-0.861485	1	-20.0651	-1.42365
0.0383362	-0.517686	0.000674422	-0.85557	1	-20.0717	-1.41119
0.0178777	-0.39516	-0.132915	-0.908946	1	-19.9548	-1.50774
0.0539897	-0.584913	-0.0745834	-0.80766	1	-20.1515	-1.47686
0.0626264	-0.556741	-0.0171189	-0.83051	1	-20.106	-1.41487
0.0215751	-0.489806	-0.145474	-0.859609	1	-20.0207	-1.54918
0.00899674	-0.433906	-0.0613246	-0.898868	1	-19.986	-1.51141
0.00345446	-0.0386042	0.152943	-0.987481	1	-19.9766	-1.53609
0.00391411	-0.133054	0.0258066	-0.990773	1	-19.8126	-1.41866
0.0211854	-0.599099	-0.0881456	-0.795809	1	-20.178	-1.50118
0.00808892	-0.559126	-0.0639535	-0.826613	1	-20.1184	-1.47012
0.00318528	-0.647944	-0.116792	-0.752681	1	-20.1745	-1.57549
0.0276652	-0.517603	0.111724	-0.848295	1	-20.0625	-1.33157
0.0449566	-0.617685	-0.147308	-0.772506	1	-20.1342	-1.45528
0.0242104	-0.647282	0.0478573	-0.760747	1	-20.2054	-1.38276
0.010317	-0.537178	-0.221468	-0.813874	1	-20.0632	-1.53933
0.00636904	-0.526571	-0.147625	-0.837216	1	-20.0606	-1.52029
0.00588138	-0.516378	-0.122766	-0.847515	1	-20.0698	-1.50335
0.00415016	-0.552455	-0.337701	-0.76207	1	-20.1675	-1.4883
0.13679	-0.55935	-0.0540524	-0.827168	1	-20.1058	-1.46737
0.00458687	-0.561062	0.409003	-0.71967	1	-20.2196	-0.809508
0.0242612	-0.624751	0.091102	-0.775491	1	-20.2735	-1.09993
0.00965159	-0.638168	0.10734	-0.762378	1	-20.2783	-1.09743
0.0815981	-0.620414	0.0842226	-0.779739	1	-20.2687	-1.10355
0.00954889	-0.788956	-0.0844747	-0.608615	1	-20.3838	-1.15989
0.0106374	-0.589155	0.0879982	-0.803214	1	-20.2542	-1.10047
0.00843876	-0.591896	0.0898556	-0.80099	1	-20.2573	-1.09911
0.06706	-0.619604	0.0836308	-0.780446	1	-20.2817	-1.10242
0.0402582	-0.603762	0.0694682	-0.794132	1	-20.2638	-1.11306
0.142318	-0.601237	0.0984453	-0.792983	1	-20.2617	-1.08899
0.00661381	-0.435755	-0.106543	-0.893737	1	-20.2347	-1.10444
0.00790066	-0.61733	0.136412	-0.774788	1	-20.2978	-1.05054
0.0101207	-0.598765	0.130274	-0.790259	1	-20.2886	-1.05088
0.0143289	-0.776162	0.0608488	-0.627591	1	-20.431	-1.0604
0.00318438	-0.571604	-0.210072	-0.793183	1	-20.2712	-1.1524
0.00620312	-0.161123	0.182401	-0.969933	1	-19.9628	-1.00038
0.00916902	-0.513748	0.20181	-0.833868	1	-20.0163	-0.297801
0.0444228	-0.706983	-0.222463	-0.671331	1	-20.1993	-1.50644
0.0230373	-0.654377	-0.0674236	-0.753157	1	-20.1653	-1.46298
0.00443424	-0.617013	-0.0409847	-0.785885	1	-20.1458	-1.45416
0.0143936	-0.808284	-0.030722	-0.587991	1	-20.2184	-1.43912
0.0154861	-0.56406	0.0139257	-0.825616	1	-20.0986	-1.42344
0.0146381	-0.575436	-0.0191994	-0.817621	1	-20.1055	-1.43717
0.00864699	-0.555895	-0.0286457	-0.830759	1	-20.0886	-1.41222
0.00888674	-0.610279	0.0229927	-0.791853	1	-20.1058	-1.40507
0.0135839	-0.553885	-0.0920192	-0.827492	1	-19.9894	-1.49634
0.00585433	-0.560152	-0.0201233	-0.828146	1	-20.0925	-1.4275
0.049022	-0.681006	-0.0991342	-0.725536	1	-20.1676	-1.47732
0.0242968	-0.624232	-0.0453188	-0.779923	1	-20.1367	-1.46015
0.00742593	-0.543131	-0.0506822	-0.838117	1	-20.052	-1.46053
0.0194194	-0.618206	-0.092448	-0.78056	1	-20.2051	-1.52805
0.0270621	-0.560479	-0.00988144	-0.82811	1	-20.1352	-1.46355
0.0055138	-0.425146	0.0172565	-0.90496	1	-20.1326	-1.46928
0.0140495	-0.678606	-0.0206623	-0.734212	1	-20.2519	-1.48353
0.0117094	-0.689785	0.0151345	-0.723856	1	-20.262	-1.46516
0.0216536	-0.634128	-0.0368358	-0.77235	1	-20.1969	-1.49306
0.138891	-0.617245	-0.0161868	-0.786605	1	-20.1797	-1.48342
0.00881043	-0.389411	-0.0271616	-0.920663	1	-19.957	-1.48323
0.00539237	-0.601449	0.0162458	-0.798746	1	-20.1817	-1.43421
0.0144932	-0.400543	0.0402653	-0.915393	1	-20.0688	-1.51343
0.0256642	-0.413236	-0.00803988	-0.910589	1	-20.0164	-1.4941
0.00681523	-0.459384	-0.109849	-0.881419	1	-20.035	-1.52704
0.0206312	-0.449258	0.0318085	-0.892835	1	-19.9638	-1.40494
0.00332597	-0.437586	-0.152521	-0.886147	1	-19.9772	-1.56159
0.00774958	-0.304784	0.37816	-0.874129	1	-19.9791	-1.44037
0.0112166	-0.498615	-0.0545365	-0.865106	1	-20.0287	-1.49734
0.0085285	-0.56308	-0.106131	-0.819559	1	-20.1745	-1.56811
0.00326467	-0.473294	-0.121331	-0.872509	1	-20.1619	-1.56863
0.00340168	-0.568951	-0.033511	-0.821689	1	-20.1788	-1.55439
0.0217362	-0.53472	-0.256016	-0.805314	1	-20.1133	-1.65101
0.00300101	-0.160262	-0.0383269	-0.98633	1	-19.9561	-1.54646
0.00510921	-0.498964	-0.24125	-0.832366	1	-20.0915	-1.55482
0.00484992	-0.212004	0.0126243	-0.977187	1	-20.0875	-1.54871
0.0752556	-0.795302	-0.116344	-0.594945	1	-20.4319	-1.56502
0.00728584	-0.37936	-0.113163	-0.918303	1	-20.1784	-1.53541
0.0358798	-0.60603	-0.0644901	-0.792823	1	-20.1678	-1.51657
0.0171003	-0.553144	-0.141228	-0.821028	1	-20.1416	-1.54677
0.014325	-0.571941	-0.176105	-0.801168	1	-20.1423	-1.54799
0.00616782	-0.576066	-0.148495	-0.803802	1	-20.1424	-1.5473
0.0122962	-0.537373	-0.125289	-0.833986	1	-20.1392	-1.54437
0.0145946	-0.560374	-0.134653	-0.817221	1	-20.1405	-1.54516
0.0700757	-0.569545	-0.12447	-0.812481	1	-20.1434	-1.54162
0.0251921	-0.567902	-0.116119	-0.814864	1	-20.1422	-1.53873
0.0628949	-0.579036	-0.10064	-0.809066	1	-20.148	-1.53336
0.00688075	-0.691595	-0.282729	-0.664651	1	-20.1555	-1.53829
0.00764136	-0.39895	0.00563761	-0.916955	1	-20.0571	-1.48614
0.840722	-0.567443	-0.0739117	-0.820089	1	-20.1371	-1.51828
0.578714	-0.56808	-0.0705604	-0.819943	1	-20.1375	-1.51601
0.0581602	-0.648752	-0.0578735	-0.758796	1	-20.1923	-1.50172
0.00571492	-0.626154	0.00880585	-0.77965	1	-20.178	-1.4815
0.0535705	-0.575287	-0.0533889	-0.816207	1	-20.1437	-1.5006
0.0104465	-0.581915	-0.0670851	-0.810478	1	-20.148	-1.50865
0.0107091	-0.539485	-0.0326353	-0.841363	1	-20.1036	-1.48328
0.0065684	-0.536942	-0.256401	-0.803711	1	-20.1279	-1.58807
0.0152354	-0.502635	-0.0492212	-0.863096	1	-20.0744	-1.49833
0.00310983	-0.558513	-0.0667187	-0.826808	1	-20.106	-1.50902
0.00532295	-0.547887	-0.0398364	-0.835603	1	-20.1019	-1.50148
0.0103309	-0.487525	-0.080431	-0.869397	1	-20.0573	-1.51988
0.00488872	-0.651382	-0.261713	-0.712185	1	-20.117	-1.57386
0.0226342	-0.614783	-0.165623	-0.77111	1	-20.1887	-1.58735
0.0143238	-0.429893	0.0454898	-0.901733	1	-19.8684	-1.36343
0.0633705	-0.328698	-0.269978	-0.905024	1	-19.5829	-1.8705
0.0278245	-0.484234	-0.214648	-0.8482	1	-19.6281	-1.87986
0.193442	-0.319789	-0.247364	-0.914629	1	-19.5653	-1.82661
0.0280487	-0.0711311	-0.388456	-0.918718	1	-19.2733	-2.00016
0.052948	-0.48064	-0.112745	-0.86964	1	-19.8334	-1.76234
0.00774055	-0.459951	-0.18359	-0.868758	1	-19.8354	-1.77181
0.00602943	-0.460333	-0.295651	-0.837069	1	-19.8327	-1.79512
0.0589422	0.00059064	0.0517663	-0.998659	1	-19.4625	-0.594598
0.0289708	0.0224957	0.0389618	-0.998987	1	-19.45	-0.602036
0.0193977	0.0107506	0.0384116	-0.999204	1	-19.4568	-0.602439
0.00916846	-0.0202958	0.44983	-0.892884	1	-19.3746	-0.712894
0.0559384	-0.021439	0.456327	-0.889554	1	-19.3749	-0.711846
0.00337805	-0.0265348	0.43441	-0.900324	1	-19.3755	-0.715412
0.0183493	-0.0920426	0.447467	-0.889551	1	-19.3907	-0.708699
0.00572772	-0.102373	0.450254	-0.887012	1	-19.3936	-0.707626
0.0146815	-0.120378	0.387312	-0.914056	1	-19.402	-0.736029
0.019428	-0.101913	0.372659	-0.922355	1	-19.3912	-0.746266
0.0130439	-0.218052	0.0304236	-0.975463	1	-19.8875	-1.45832
0.0123697	-0.488016	-0.129359	-0.863196	1	-19.9677	-1.50099
0.0576891	-0.494366	-0.128897	-0.859644	1	-19.9733	-1.49465
0.06574	-0.49739	-0.0866951	-0.863184	1	-19.9706	-1.49007
0.0182775	-0.471151	-0.0183629	-0.881861	1	-19.9437	-1.43401
0.0569167	-0.446563	-0.121845	-0.886417	1	-19.9491	-1.49338
0.00454198	-0.504534	-0.0585567	-0.861404	1	-19.985	-1.47097
0.091248	-0.50851	-0.0427391	-0.859995	1	-19.9833	-1.45498
0.0058592	-0.524625	-0.0563431	-0.849467	1	-20.0028	-1.46959
0.00334649	-0.23737	0.193668	-0.951918	1	-19.932	-1.44645
0.0148739	-0.432789	-0.25967	-0.863288	1	-19.9567	-1.4888
0.0188299	-0.49328	-0.078323	-0.866337	1	-19.9794	-1.46641
0.00447973	-0.603373	0.0468942	-0.796079	1	-20.0783	-1.39953
0.0113387	-0.521491	-0.0559508	-0.85142	1	-19.9961	-1.46965
0.00556846	-0.685023	-0.268619	-0.677191	1	-20.1779	-1.61362
0.00711218	-0.47531	-0.213375	-0.853552	1	-19.9929	-1.56818
0.0152702	-0.528347	-0.0659489	-0.846464	1	-20.0051	-1.47854
0.0113651	-0.547589	-0.0513228	-0.835172	1	-20.0084	-1.46857
1.2265	-0.530403	-0.0519179	-0.846154	1	-20.0053	-1.46817
0.353411	-0.528554	-0.0503355	-0.847406	1	-20.0049	-1.46788
0.135679	-0.528326	-0.0530218	-0.847384	1	-20.0049	-1.46837
1.08266	-0.528268	-0.0553191	-0.847274	1	-20.0051	-1.46909
0.0038069	0.31002	-0.743454	-0.59259	1	-19.7805	-1.73789
0.0437895	-0.528862	-0.0550959	-0.846918	1	-20.0054	-1.46902
1.59099	-0.530511	-0.0555264	-0.845857	1	-20.0063	-1.46906
0.0422115	-0.518582	-0.0606235	-0.852876	1	-20.0052	-1.4713
0.0420439	-0.529369	-0.0759802	-0.844983	1	-20.0056	-1.47204
0.121555	-0.536745	-0.051348	-0.84218	1	-20.0078	-1.46861
0.655424	-0.539289	-0.0592149	-0.840036	1	-20.0082	-1.46945
0.169402	-0.535562	-0.0579377	-0.842506	1	-20.0075	-1.46926
0.0478737	-0.530183	-0.0553151	-0.846077	1	-20.0062	-1.46894
0.13766	-0.529747	-0.0699458	-0.845266	1	-20.0067	-1.46907
0.00651364	-0.525725	-0.0464048	-0.849388	1	-20.0054	-1.46656
0.055932	-0.526565	-0.0424344	-0.849075	1	-20.005	-1.46588
0.00302375	-0.532702	-0.0511258	-0.844757	1	-20.007	-1.4679
0.0071724	-0.530903	-0.053507	-0.845742	1	-20.0064	-1.46847
0.0963766	-0.590788	-0.0598564	-0.804603	1	-20.0258	-1.47037
0.0346669	-0.587373	-0.0509055	-0.807713	1	-20.0255	-1.47039
0.0149325	-0.587185	-0.0547871	-0.807597	1	-20.0255	-1.47065
0.00852737	-0.522968	-0.0392527	-0.851448	1	-20.0126	-1.4689
0.440585	-0.541384	-0.0542647	-0.839023	1	-20.0126	-1.47046
0.00786949	-0.53703	-0.0571127	-0.841628	1	-20.0125	-1.47055
0.00385514	-0.556242	-0.081642	-0.827	1	-20.0185	-1.47218
0.0172177	-0.541245	-0.0583449	-0.838838	1	-20.0135	-1.47127
0.187973	-0.538558	-0.0580264	-0.840588	1	-20.0122	-1.4711
0.00628182	-0.581514	-0.116789	-0.80511	1	-20.0234	-1.48214
0.191923	-0.536119	-0.0601014	-0.842	1	-20.0107	-1.47179
0.0193328	-0.529976	-0.118564	-0.839683	1	-20.0031	-1.47503
0.00368297	-0.514649	-0.11882	-0.849128	1	-20.0022	-1.47496
0.00429455	-0.53671	-0.105555	-0.837138	1	-20.0042	-1.47408
0.0119781	-0.519541	-0.087791	-0.849923	1	-20.0013	-1.47174
0.0305905	-0.490676	-0.0456805	-0.870144	1	-19.9954	-1.46533
0.0155838	-0.517539	-0.0429736	-0.85458	1	-20.0033	-1.46475
0.0170546	-0.546572	-0.0477817	-0.836048	1	-20.0153	-1.46649
0.188005	-0.538308	-0.0590451	-0.840677	1	-20.0108	-1.46919
0.00564103	-0.600941	-0.00803764	-0.799253	1	-20.0461	-1.45137
0.0106431	-0.576353	-0.017544	-0.817012	1	-20.0324	-1.45468
0.0106846	-0.429305	-0.118707	-0.895324	1	-19.9785	-1.47139
0.0360246	-0.321604	0.0209435	-0.946643	1	-19.9744	-1.45121
0.0156764	-0.612639	-0.061603	-0.787959	1	-20.0154	-1.46907
0.00845304	-0.515756	-0.0215931	-0.856463	1	-20.0058	-1.46731
0.0363911	-0.438429	0.0180268	-0.898585	1	-19.9984	-1.46462
0.85318	-0.531717	-0.0558628	-0.845078	1	-20.0074	-1.46932
0.00405709	-0.356313	-0.443188	-0.822572	1	-19.9033	-1.56851
0.00544945	-0.450918	-0.0408235	-0.891631	1	-19.9761	-1.46461
0.0034774	-0.609281	0.0256877	-0.792538	1	-20.043	-1.44244
0.0096663	-0.246033	-0.0100654	-0.969209	1	-19.8584	-1.42387
0.00807979	-0.515067	-0.0924888	-0.852145	1	-19.971	-1.46652
0.0183248	-0.515871	-0.0539701	-0.854965	1	-19.9891	-1.46769
0.0864044	-0.441929	-0.0269466	-0.896645	1	-19.9703	-1.45067
0.00439985	-0.451453	-0.0130494	-0.892199	1	-19.9717	-1.44906
0.0143959	-0.482393	-0.0166918	-0.875796	1	-19.977	-1.44948
0.032442	-0.476614	-0.0261472	-0.878724	1	-19.9759	-1.45087
0.0157085	-0.493892	-0.0247337	-0.869171	1	-19.9799	-1.45043
0.00563026	-0.49373	-0.0285327	-0.869147	1	-19.9799	-1.45145
0.0030803	-0.500292	-0.0277514	-0.865412	1	-19.9822	-1.45124
0.153461	-0.503544	-0.032383	-0.863363	1	-19.9838	-1.45275
0.0306632	-0.521153	-0.0494831	-0.852028	1	-19.9931	-1.45943
0.00489754	-0.516003	-0.0456021	-0.855372	1	-19.9901	-1.45767
0.0321639	-0.514994	-0.0323142	-0.856585	1	-19.9899	-1.45024
0.017446	-0.676397	-0.124858	-0.725877	1	-20.0187	-1.45758
0.0245467	-0.514431	-0.127732	-0.847965	1	-19.9936	-1.49351
0.00917768	-0.589387	0.0176361	-0.807658	1	-20.0457	-1.41024
0.0064228	-0.590335	0.105179	-0.800276	1	-20.0417	-1.38715
0.0931695	-0.479072	-0.0780931	-0.874295	1	-19.9857	-1.45774
0.0662279	-0.480695	-0.0506469	-0.875424	1	-19.9859	-1.45619
0.0548526	-0.484143	-0.0554652	-0.873229	1	-19.9862	-1.45655
0.00811494	-0.505979	-0.068288	-0.859839	1	-19.9912	-1.45978
0.0126684	-0.500344	0.0667064	-0.863253	1	-19.9952	-1.44834
0.00470396	-0.495149	0.0147472	-0.868683	1	-19.9949	-1.44928
0.0225189	-0.514383	-0.02859	-0.857084	1	-19.9965	-1.44866
0.00581729	-0.47786	0.171636	-0.861505	1	-19.9858	-1.40309
0.0250253	-0.52135	-0.0342196	-0.852656	1	-19.9957	-1.45007
0.0129885	-0.468281	0.119026	-0.875526	1	-19.9944	-1.45064
0.0143972	-0.49228	0.114247	-0.862907	1	-19.9927	-1.45165
0.0197712	-0.522135	-0.0364429	-0.852084	1	-19.993	-1.45084
0.272447	-0.520961	-0.0372804	-0.852766	1	-19.9929	-1.45098
0.00859753	-0.511998	-0.0381925	-0.858137	1	-19.9901	-1.45116
0.00326961	-0.513277	-0.0317766	-0.857634	1	-19.9908	-1.44921
0.055164	-0.515038	-0.0285678	-0.856691	1	-19.9916	-1.44807
0.0111971	-0.518526	-0.0284016	-0.85459	1	-19.9935	-1.4479
0.00826898	-0.519151	0.0535182	-0.853006	1	-20.0025	-1.42478
0.0042901	-0.456966	-0.0205316	-0.889247	1	-19.9663	-1.45421
0.00588182	-0.610316	0.035499	-0.791362	1	-20.1589	-1.37241
0.287797	-0.550888	-0.0570739	-0.832626	1	-20.0126	-1.46435
0.00899067	-0.54956	-0.045913	-0.834192	1	-20.0121	-1.46225
0.0398034	-0.556324	-0.0425567	-0.829875	1	-20.0145	-1.46157
0.0346786	-0.515411	-0.0499374	-0.855487	1	-19.9945	-1.45952
0.0195857	-0.51425	-0.023863	-0.857308	1	-19.9956	-1.45483
0.227009	-0.534005	0.0174899	-0.845301	1	-19.9978	-1.44922
0.00337317	-0.520152	-0.0244406	-0.853724	1	-19.9974	-1.45507
0.00569377	-0.467526	-0.214606	-0.857533	1	-19.9955	-1.47531
0.195324	-0.523913	-0.0470918	-0.850469	1	-20.0001	-1.4646
0.0385475	-0.525689	-0.0472325	-0.849364	1	-20.0014	-1.46471
0.00863828	-0.635944	0.191546	-0.747586	1	-20.0684	-1.39636
0.0115968	-0.441337	0.0952769	-0.892269	1	-20.0212	-1.41453
0.00631581	-0.57813	0.104972	-0.809164	1	-20.048	-1.41113
0.340835	-0.527452	-0.0473319	-0.848266	1	-20.0037	-1.46439
0.0136896	-0.673137	0.061862	-0.736926	1	-20.0346	-1.47569
0.00501129	-0.587599	0.0349015	-0.808399	1	-20.0467	-1.42088
0.013208	-0.443158	-0.105985	-0.890156	1	-19.976	-1.4757
0.0047083	-0.565146	0.0143906	-0.824865	1	-20.0327	-1.44368
0.0307375	-0.535194	-0.118437	-0.836385	1	-20.0206	-1.49851
0.0122648	-0.526229	-0.0552852	-0.848544	1	-20.0017	-1.46949
0.00531752	-0.378818	0.0420863	-0.924514	1	-19.967	-1.45996
0.0742404	-0.527018	-0.0522994	-0.848243	1	-20.0026	-1.46733
0.171858	-0.519585	-0.0537501	-0.852726	1	-19.9958	-1.46808
0.0717207	-0.50161	-0.00189513	-0.865092	1	-19.9908	-1.45284
0.00509256	-0.55271	-0.0432789	-0.832249	1	-20.0062	-1.46511
0.00519987	-0.543795	-0.0444161	-0.838042	1	-20.0057	-1.46509
0.059447	-0.527053	-0.0431957	-0.848734	1	-20.0026	-1.46298
0.00337995	0.338987	-0.0318289	-0.940253	1	-19.865	-1.52276
0.00307191	-0.586144	0.0957842	-0.804525	1	-20.0153	-1.45074
0.0252116	-0.529572	-0.0791824	-0.844561	1	-20.0058	-1.48514
0.0183167	-0.311421	-0.101737	-0.94481	1	-20.0236	-1.46867
0.00473026	-0.590348	0.045998	-0.805837	1	-20.0364	-1.46126
0.0322643	-0.527764	0.0592843	-0.84732	1	-20.0243	-1.45984
0.0131673	-0.521974	-0.0383327	-0.852099	1	-20.0175	-1.47773
0.0304067	-0.667303	0.0599637	-0.742368	1	-20.046	-1.47616
0.0114048	-0.685746	-0.283138	-0.670511	1	-20.0469	-1.47987
0.00340579	-0.549531	-0.0632718	-0.833074	1	-20.0286	-1.48832
0.0380773	-0.544316	-0.0777459	-0.83527	1	-20.0276	-1.49037
0.00330371	-0.397708	-0.13763	-0.907131	1	-20.0238	-1.48989
0.0064054	-0.594205	-0.161887	-0.787854	1	-20.0374	-1.50258
0.00592756	-0.503843	-0.128139	-0.854238	1	-20.0206	-1.50048
0.0426828	-0.534966	-0.0427999	-0.843789	1	-20.0059	-1.4684
0.0715619	-0.371426	-0.0544837	-0.926863	1	-19.9668	-1.43076
0.00738229	-0.492509	0.028086	-0.869854	1	-19.9851	-1.42138
0.0106802	-0.509926	0.00396246	-0.860209	1	-19.9906	-1.42716
0.00329152	-0.295229	0.494062	-0.817767	1	-19.9557	-1.34053
0.00380566	-0.311486	0.170313	-0.934864	1	-19.9681	-1.40847
0.0818257	-0.492064	-0.00723975	-0.870529	1	-19.9838	-1.43042
0.0104007	-0.496239	0.036351	-0.867424	1	-19.9859	-1.41546
0.0107167	-0.538076	-0.0205519	-0.842646	1	-20.0141	-1.44318
0.0301564	-0.39902	-0.0410519	-0.916023	1	-19.8799	-1.46034
0.00664153	-0.639584	0.032353	-0.76804	1	-20.0359	-1.46769
0.0367933	-0.502509	-0.0944873	-0.859393	1	-19.9933	-1.50027
0.0179366	-0.533529	-0.117078	-0.837639	1	-20.0186	-1.51589
0.0242705	-0.466206	-0.133321	-0.874573	1	-19.9953	-1.49994
0.0161606	-0.383636	-0.18378	-0.905013	1	-19.987	-1.50367
0.0757045	-0.501693	-0.0829426	-0.86106	1	-20.001	-1.49341
0.00315767	-0.515508	-0.0577219	-0.854939	1	-20.0042	-1.48886
0.00779393	-0.512878	-0.0770266	-0.854999	1	-20.004	-1.49286
0.111262	-0.522793	-0.0740919	-0.849234	1	-20.0072	-1.4921
0.0159981	-0.457039	-0.385645	-0.801495	1	-20.0091	-1.51076
0.217478	-0.537676	-0.0819977	-0.839155	1	-20.0233	-1.48401
0.209545	-0.538925	-0.0697337	-0.839462	1	-20.0232	-1.48266
0.0453684	-0.540622	-0.0663979	-0.838641	1	-20.0238	-1.48168
0.00326607	-0.444052	-0.165744	-0.880538	1	-20.0015	-1.49964
0.0215291	-0.459887	-0.215747	-0.861369	1	-20.0025	-1.50305
0.011044	-0.474878	-0.116375	-0.872323	1	-20.0021	-1.49518
0.0240136	-0.549661	-0.150428	-0.821732	1	-20.0236	-1.49409
0.0204555	-0.48901	-0.052789	-0.87068	1	-20.0097	-1.47813
0.00446564	-0.557207	-0.0322512	-0.829747	1	-20.0358	-1.48829
0.00760965	-0.547916	-0.0685915	-0.833717	1	-20.0278	-1.48205
0.0146732	-0.539153	-0.0622312	-0.839906	1	-20.0221	-1.47798
0.0050835	-0.505855	-0.114253	-0.855019	1	-20.0366	-1.51031
0.154622	-0.544741	-0.055208	-0.836785	1	-20.03	-1.47211
0.0397727	-0.543211	-0.0552639	-0.837775	1	-20.028	-1.47203
0.0136668	-0.458254	-0.170929	-0.872231	1	-19.87	-1.72961
0.0136188	-0.484441	-0.141353	-0.863328	1	-20.0174	-1.75057
0.0438411	-0.573352	-0.0732643	-0.816027	1	-20.0208	-1.68895
0.015617	-0.395668	-0.042943	-0.917389	1	-19.7347	-1.53237
0.0970439	-0.3873	0.0774257	-0.918697	1	-19.5643	-1.16515
0.00561915	-0.521678	0.11384	-0.845513	1	-20.1309	-1.20567
0.0419997	-0.501584	0.118157	-0.857002	1	-20.1293	-1.20429
0.0240678	-0.525089	0.144302	-0.838724	1	-20.1324	-1.20158
0.0148424	-0.524803	0.125888	-0.841864	1	-20.1319	-1.20349
0.13514	-0.559406	0.114623	-0.82093	1	-20.1402	-1.20511
0.00411423	-0.26269	0.548332	-0.79393	1	-20.1238	-1.17266
0.00420354	-0.804525	0.156217	-0.573006	1	-20.1983	-1.1974
0.132539	-0.575822	0.113782	-0.809619	1	-20.1463	-1.20457
0.0038789	-0.341061	-0.363514	-0.866911	1	-20.0287	-1.66128
0.00705671	-0.75317	0.0936051	-0.651132	1	-20.2327	-1.49767
0.0208127	-0.519692	-0.178821	-0.83543	1	-20.1927	-1.52452
0.0109107	-0.737573	0.131087	-0.662422	1	-20.4194	-1.26971
0.00338859	-0.676678	-0.100886	-0.729334	1	-20.3722	-1.50611
0.00951491	-0.692461	-0.350919	-0.63036	1	-20.6794	-2.13727
0.0391547	-0.606447	0.0372001	-0.794253	1	-20.2089	-1.40421
0.00318389	-0.574921	-0.0404309	-0.817209	1	-20.1808	-1.44929
0.0319843	0.191137	0.351406	-0.916504	1	-18.2086	-0.568907
0.0171914	-0.619156	-0.658129	-0.428384	1	-21.5307	-4.16217
0.00301099	-0.958236	-0.112846	-0.262773	1	-21.2924	-2.16289
0.0317226	0.331001	0.271415	-0.903754	1	-18.2892	-0.713845
0.00448771	-0.750092	0.479324	-0.455643	1	-20.2608	-0.345988
0.011793	-0.633793	-0.164982	-0.755703	1	-20.9179	-2.12668
0.00301136	-0.479561	0.21309	-0.851243	1	-19.8061	-1.02443
0.00616383	-0.50867	-0.00711057	-0.860932	1	-19.9725	-1.26906
0.0364315	-0.458641	-0.0829038	-0.884746	1	-19.9533	-1.28308
0.015188	-0.47159	0.0400551	-0.880908	1	-19.9574	-1.24812
0.00637265	-0.47748	-0.0154554	-0.878507	1	-19.9595	-1.26578
0.142135	-0.47979	-0.0309382	-0.876838	1	-19.9607	-1.27119
0.00407223	-0.466996	-0.0315076	-0.883698	1	-19.9545	-1.27144
0.00478309	-0.20162	-0.0961835	-0.97473	1	-19.4285	-1.69556
0.00340286	-0.358806	0.0791908	-0.930047	1	-19.9393	-1.7001
0.0109531	-0.476928	-0.102808	-0.872909	1	-19.9719	-1.70024
0.147153	-0.495573	-0.123325	-0.859767	1	-19.9836	-1.71017
0.00399382	-0.44326	-0.187542	-0.876555	1	-19.9756	-1.7186
0.00418859	-0.512323	-0.0788	-0.85517	1	-19.9871	-1.70118
0.00748578	-0.523317	-0.1225	-0.843287	1	-20.0042	-1.71104
0.0476063	-0.570171	-0.0228613	-0.821208	1	-20.2151	-1.38018
0.0186105	-0.546144	-0.202369	-0.81288	1	-20.1202	-1.46486
0.0157414	-0.61794	-0.0581841	-0.784069	1	-20.2006	-1.38609
0.0056614	-0.569254	-0.0690464	-0.819257	1	-20.1833	-1.38751
0.00468289	-0.613819	-0.132325	-0.778278	1	-20.2024	-1.40285
0.00834398	-0.301331	-0.288452	-0.908843	1	-19.7597	-1.55762
0.0306216	-0.419645	-0.0677266	-0.905158	1	-19.829	-1.4535
0.00351077	-0.243129	0.203678	-0.948369	1	-19.8401	-1.2789
0.0111745	-0.736794	0.0579204	-0.673632	1	-20.6092	-1.40722
0.0145092	-0.598945	0.00141937	-0.800789	1	-20.2479	-1.38449
0.0096111	-0.206324	-0.0866005	-0.974644	1	-19.8462	-1.5147
0.00661593	-0.631041	-0.412863	-0.656758	1	-20.3417	-1.83256
0.0980918	-0.416081	-0.0361492	-0.908609	1	-19.7697	-1.3483
0.0348407	-0.429482	0.017334	-0.902909	1	-19.7729	-1.33666
0.00933598	-0.419684	0.000594395	-0.90767	1	-19.7698	-1.34065
0.129771	-0.44016	-0.0411283	-0.896977	1	-19.785	-1.36021
0.457998	-0.428512	-0.0300914	-0.903035	1	-19.7755	-1.3531
0.0082824	-0.532171	0.097591	-0.840993	1	-19.9314	-1.06784
0.00590298	-0.392732	0.0308464	-0.919135	1	-19.8008	-1.11819
0.0376583	-0.582418	-0.0283218	-0.812396	1	-20.2066	-1.32515
0.0371159	-0.596287	0.00224372	-0.802768	1	-20.2314	-1.28624
0.00361001	0.166681	0.398601	-0.901851	1	-19.8715	-1.02685
0.0139459	-0.664414	0.0492622	-0.745739	1	-20.3535	-1.192
0.00990024	-0.702515	0.42306	-0.57227	1	-20.483	-0.93307
0.00484999	-0.636872	0.215245	-0.740313	1	-20.325	-1.10054
0.0042033	-0.547978	-0.118851	-0.828007	1	-20.0286	-1.58759
0.386182	-0.535927	-0.110168	-0.837045	1	-20.0277	-1.58711
0.0185241	-0.53998	-0.111852	-0.834212	1	-20.028	-1.58734
0.0198561	-0.539502	-0.112654	-0.834414	1	-20.028	-1.58734
0.162861	-0.539682	-0.112869	-0.834268	1	-20.028	-1.58735
0.158372	-0.493159	0.0765696	-0.866563	1	-19.9588	-1.2513
0.0287591	-0.471807	0.254586	-0.844147	1	-19.9715	-1.10236
0.0097534	-0.557761	0.112885	-0.822289	1	-20.0312	-1.25557
0.0224701	-0.374165	-0.0842987	-0.923523	1	-19.8777	-1.29209
0.0126111	-0.600606	0.0857517	-0.794933	1	-19.9497	-1.23983
0.00320582	-0.541164	-0.092011	-0.835868	1	-19.972	-1.49714
0.00662949	-0.287669	-0.322567	-0.901774	1	-19.8138	-1.63371
0.0197304	-0.202243	0.0569678	-0.977677	1	-19.8647	-1.41527
0.00356027	-0.406903	-0.208738	-0.889302	1	-19.9102	-1.47102
0.00628314	-0.419716	-0.0517778	-0.906178	1	-19.9135	-1.43322
0.54634	-0.502287	-0.0588138	-0.862699	1	-19.9401	-1.45199
0.00919504	-0.317255	-0.356552	-0.878761	1	-19.9316	-1.47132
0.0537377	-0.53571	-0.151899	-0.830627	1	-19.9706	-1.5099
0.00303068	0.293742	0.146826	-0.944541	1	-19.5336	-1.35787
0.00515142	-0.237637	-0.158242	-0.958378	1	-19.9321	-1.45084
0.00531218	-0.526147	-0.0412477	-0.849393	1	-19.9662	-1.43647
0.0162916	-0.533192	0.259129	-0.805332	1	-19.9684	-1.26938
0.0122573	-0.503077	-0.00449993	-0.86423	1	-19.9386	-1.4011
0.0156914	-0.488757	-0.0276682	-0.871981	1	-19.9229	-1.42122
0.0225799	-0.508725	-0.0316809	-0.860346	1	-19.9477	-1.42393
0.0446393	-0.517751	-0.0359666	-0.854775	1	-19.9629	-1.42944
0.00349721	-0.230657	0.359254	-0.904286	1	-19.8525	-1.24648
0.00459328	-0.596055	0.023598	-0.802596	1	-20.0912	-1.37282
0.0123693	-0.580017	0.0291578	-0.814083	1	-20.0697	-1.36988
0.0227721	-0.57843	-0.020171	-0.815482	1	-20.03	-1.35431
0.00450526	-0.429734	0.0331484	-0.902347	1	-19.8965	-1.36461
0.00419101	-0.434092	0.061333	-0.898778	1	-19.9177	-1.35005
0.0775478	-0.549991	0.00456109	-0.835158	1	-20.0245	-1.38877
0.195289	-0.535225	-0.0475518	-0.84337	1	-20.0029	-1.44909
0.00645627	-0.396484	-0.609178	-0.686806	1	-19.9664	-1.4998
0.0037822	-0.619675	-0.0180496	-0.784651	1	-20.0067	-1.44224
0.00300627	-0.791428	-0.134917	-0.596187	1	-20.3192	-1.46301
0.00959349	0.150484	0.178028	-0.972451	1	-19.6156	-1.33483
0.00839151	-0.728126	0.00593904	-0.685418	1	-20.0107	-1.43651
0.0134688	-0.576859	0.0701187	-0.813829	1	-20.016	-1.42665
0.0407024	-0.519925	-0.067706	-0.851524	1	-19.9779	-1.47337
0.00813592	-0.55518	0.0304676	-0.831172	1	-20.0224	-1.38721
0.0255803	-0.601625	0.0077872	-0.79874	1	-20.0132	-1.4271
0.0331166	-0.597123	0.0176777	-0.801955	1	-20.0118	-1.42784
0.00429339	-0.593714	0.0180501	-0.804474	1	-20.0111	-1.42786
0.0160088	-0.556676	-0.00348461	-0.830722	1	-20.0011	-1.43487
0.00770489	-0.536223	-0.00551217	-0.844059	1	-19.9911	-1.4355
0.0106386	-0.534348	-0.044675	-0.844083	1	-19.9916	-1.45108
0.0543363	0.0168406	0.111504	-0.993621	1	-19.8574	-1.41993
0.00773323	-0.354297	0.102092	-0.929543	1	-19.9728	-1.44789
0.0767775	-0.528416	-0.0688047	-0.846193	1	-19.9875	-1.46419
0.164303	-0.529207	-0.0477853	-0.847146	1	-19.9882	-1.45231
0.150041	-0.549314	-0.0419106	-0.834564	1	-20.009	-1.44269
1.19395	-0.539781	-0.0304477	-0.841254	1	-19.9987	-1.43452
0.00712085	-0.697628	0.197421	-0.688723	1	-20.0111	-1.42918
0.0172852	-0.402595	0.00433826	-0.915368	1	-19.9001	-1.41721
0.00587665	-0.208193	-0.284622	-0.935759	1	-19.9263	-1.42459
0.00367403	-0.494247	0.0524148	-0.86774	1	-19.9682	-1.41242
0.186306	-0.532725	-0.000278745	-0.846288	1	-19.9807	-1.42513
0.00364472	-0.759627	-0.163346	-0.629511	1	-20.1716	-1.50947
0.0112741	-0.535542	-0.0297324	-0.843985	1	-19.9859	-1.43723
0.0202018	-0.495966	-0.106774	-0.861752	1	-19.9882	-1.43528
0.0143525	-0.552534	-0.165939	-0.816805	1	-19.9956	-1.43978
0.00382822	-0.578271	-0.19786	-0.791488	1	-19.9945	-1.43203
0.00438953	-0.61941	0.0684883	-0.782075	1	-20.017	-1.40393
0.00538612	-0.542214	-0.0445501	-0.839059	1	-19.9864	-1.44215
0.00408293	-0.541696	-0.0148758	-0.840443	1	-19.9822	-1.4289
0.0503531	-0.541098	-0.0062073	-0.840937	1	-19.9798	-1.43264
0.0412431	-0.526505	-0.0572162	-0.848245	1	-19.977	-1.43936
0.0112583	0.0128537	-0.265916	-0.963911	1	-19.6244	-1.56244
0.0310542	-0.55593	-0.0342321	-0.830524	1	-19.9966	-1.44095
0.00347858	-0.349538	-0.101396	-0.931419	1	-19.9631	-1.44562
0.00337672	-0.296655	-0.00725713	-0.954957	1	-19.9066	-1.31502
0.0170209	-0.551605	-0.0570742	-0.83215	1	-20.0185	-1.5255
0.152608	-0.50759	-0.0442942	-0.86046	1	-19.9677	-1.49034
0.0140183	-0.492438	-0.187038	-0.850013	1	-19.9921	-1.51126
0.0157238	-0.441992	-0.206742	-0.872869	1	-19.9819	-1.5392
0.0892542	-0.490015	-0.00312421	-0.871709	1	-19.9427	-1.45889
0.0034197	-0.514305	-0.0470742	-0.856314	1	-19.9751	-1.48996
0.107307	-0.531026	-0.0658422	-0.844794	1	-20.0047	-1.51037
0.0591704	-0.585599	-0.0861978	-0.806005	1	-20.0997	-1.50293
0.0632837	-0.533583	-0.0780416	-0.842139	1	-20.0185	-1.51789
0.0181342	-0.523744	-0.220766	-0.822772	1	-20.0238	-1.579
0.0602635	-0.489965	-0.0483012	-0.870403	1	-19.9796	-1.50972
0.00352279	-0.206568	0.346331	-0.915087	1	-19.851	-1.37918
0.0067814	-0.673588	-0.129496	-0.727674	1	-20.1176	-1.60124
0.0798099	-0.53749	-0.115683	-0.835297	1	-20.0394	-1.53197
0.0251875	-0.558716	-0.0808742	-0.825406	1	-20.0609	-1.53239
0.122963	-0.529599	-0.0709074	-0.845279	1	-20.0097	-1.52167
0.262981	-0.536511	-0.0764485	-0.840423	1	-20.0185	-1.52698
0.0524459	-0.535432	-0.0742204	-0.841311	1	-20.0171	-1.52489
0.0215358	-0.457608	-0.205154	-0.865163	1	-19.9891	-1.55429
0.0115944	-0.460186	-0.148702	-0.875281	1	-19.9894	-1.5446
0.0408316	-0.492007	-0.167066	-0.854411	1	-19.9997	-1.54995
0.0279493	-0.525824	-0.0823403	-0.846599	1	-20.0125	-1.52661
0.178645	-0.535332	-0.0785299	-0.840983	1	-20.0176	-1.52949
0.342087	-0.544675	-0.0559689	-0.836778	1	-20.0259	-1.51509
0.0315776	-0.54851	-0.0870657	-0.831598	1	-20.0239	-1.52974
0.04211	-0.398423	-0.0855213	-0.913206	1	-19.9834	-1.53566
0.00578552	-0.524885	-0.112863	-0.843657	1	-20.0157	-1.54684
0.338286	-0.560396	-0.0953402	-0.822719	1	-20.0379	-1.54013
0.00331875	-0.544046	-0.0848299	-0.834756	1	-20.0298	-1.53497
0.00633232	-0.0323047	-0.409681	-0.911657	1	-19.9813	-1.50099
0.0600318	-0.473314	-0.00684518	-0.880867	1	-19.9947	-1.50126
0.0209434	-0.480635	-0.0389867	-0.876054	1	-19.9946	-1.5108
0.0463604	-0.513896	-0.0257408	-0.857466	1	-20.0052	-1.50602
0.00645253	-0.389453	-0.149022	-0.908911	1	-19.9891	-1.52506
0.00474686	-0.685999	0.105701	-0.719884	1	-20.1129	-1.45942
0.0574327	-0.526421	-0.0931269	-0.845109	1	-20.0172	-1.5299
0.0370761	-0.590277	-0.0745354	-0.803752	1	-20.0696	-1.53572
0.0955266	-0.576859	-0.136994	-0.805274	1	-20.0718	-1.58899
0.0782902	-0.478751	-0.0463957	-0.876724	1	-19.9677	-1.51348
0.00346852	-0.582671	-0.215857	-0.783518	1	-20.2595	-1.70334
0.00421448	0.0590834	-0.1497	-0.986965	1	-19.7902	-1.56885
0.00588278	-0.331008	-0.253594	-0.908914	1	-20.0181	-1.59048
0.00852541	-0.626938	-0.0540218	-0.777194	1	-20.1341	-1.53969
0.0407022	-0.499163	-0.0833991	-0.862485	1	-19.9741	-1.53734
0.0130024	-0.530989	0.307987	-0.789427	1	-19.3578	-1.18714
0.00347294	-0.294885	-0.0403965	-0.954679	1	-19.2988	-1.23917
0.00689889	-0.240333	0.181844	-0.953506	1	-19.255	-1.07604
0.00324116	-0.40974	0.00480908	-0.91219	1	-19.2985	-1.13049
0.00597245	-0.176412	0.0234924	-0.984036	1	-19.2327	-1.12781
0.00327308	0.184327	0.127108	-0.974611	1	-19.1814	-1.0294
0.0143306	-0.0317729	0.183067	-0.982587	1	-19.1922	-1.04816
0.0117727	-0.566884	0.0595567	-0.821642	1	-20.2398	-1.39134
0.00433165	-0.637171	-0.614227	-0.465552	1	-20.3812	-1.66858
0.0034918	-0.629615	0.103261	-0.770014	1	-20.2556	-1.4087
0.0321929	-0.582507	0.19658	-0.788696	1	-20.2548	-1.39992
0.0282772	-0.477263	0.10012	-0.873038	1	-20.2344	-1.41585
0.0816351	-0.575774	-0.0333782	-0.816927	1	-20.2599	-1.4415
0.00535157	-0.522075	0.00662835	-0.852874	1	-20.0712	-1.36584
0.106861	-0.612657	-0.00737	-0.790315	1	-20.1385	-1.39453
0.0290425	-0.586262	-0.0338286	-0.809415	1	-20.1136	-1.41047
0.00425255	-0.0705494	-0.594534	-0.80097	1	-19.868	-1.65917
0.00860808	-0.833987	0.0677318	-0.547611	1	-20.6481	-1.42177
0.00359509	-0.440567	-0.185019	-0.878447	1	-19.9916	-1.45433
0.00947566	-0.626834	0.221162	-0.747106	1	-20.1455	-1.27731
0.0154265	-0.496544	0.055555	-0.866232	1	-19.9933	-1.33042
0.00562959	-0.299204	-0.43294	-0.850317	1	-19.9312	-1.62795
0.0156358	-0.485784	-0.0497477	-0.872662	1	-20.0191	-1.42241
0.0184647	-0.510474	-0.0514618	-0.858352	1	-20.039	-1.42405
0.0106147	-0.642138	-0.0032939	-0.766582	1	-20.115	-1.39401
0.0305023	-0.522713	0.195506	-0.829788	1	-20.0123	-1.09544
0.0310196	-0.32215	-0.0994901	-0.941446	1	-19.8589	-1.35881
0.125579	-0.513973	0.0479328	-0.856466	1	-19.9283	-1.31374
0.0222997	-0.68834	-0.253277	-0.679735	1	-20.6476	-1.96832
0.0357422	-0.358138	-0.38672	-0.849814	1	-19.7237	-2.03636
0.00935609	-0.308132	-0.430349	-0.848442	1	-19.6146	-1.97459
0.0372642	0.212961	-0.494926	-0.842434	1	-19.6158	-1.59948
0.0108485	-0.533462	0.464521	-0.706851	1	-20.0349	-1.08369
0.010935	-0.528762	0.428229	-0.732823	1	-20.0321	-1.08752
0.00717487	-0.523055	0.427712	-0.737208	1	-20.0319	-1.08747
0.0624991	-0.511684	-0.0432864	-0.858083	1	-19.9453	-1.43513
0.0236646	-0.564794	0.125501	-0.815633	1	-20.0388	-1.19909
0.0149993	-0.526823	-0.0419953	-0.848937	1	-19.9732	-1.3762
0.447404	-0.515184	0.020504	-0.856835	1	-19.9515	-1.30428
0.00438933	-0.467791	0.830478	-0.302454	1	-21.5186	-0.632346
0.0496087	-0.511837	0.0815561	-0.855202	1	-19.9167	-1.32291
0.0163111	-0.516139	0.0214359	-0.856237	1	-19.9188	-1.3532
0.0360078	-0.47092	0.0601235	-0.880125	1	-19.8924	-1.33724
0.0132736	-0.518833	-0.0200173	-0.854641	1	-19.924	-1.38323
0.0200463	-0.496368	-0.0441336	-0.86699	1	-19.9125	-1.38468
0.0122255	-0.536626	0.269293	-0.799696	1	-19.9376	-1.35339
0.00477341	-0.525447	0.014027	-0.850711	1	-19.9295	-1.36666
0.0459176	-0.515639	0.0143654	-0.856686	1	-19.9254	-1.36657
0.0716556	-0.535051	0.00580049	-0.8448	1	-19.9339	-1.36922
0.100856	-0.535185	-0.00300179	-0.844729	1	-19.9326	-1.37338
0.0384365	-0.548673	-0.0826439	-0.831942	1	-19.9389	-1.4076
0.00471134	-0.49667	-0.039811	-0.867026	1	-19.9088	-1.38913
0.035768	-0.516065	0.0135595	-0.856442	1	-19.9223	-1.36344
0.00311322	-0.870154	-0.187548	-0.455694	1	-19.9955	-1.37959
0.0030975	-0.525176	-0.0354766	-0.850254	1	-19.9262	-1.38429
0.207659	-0.517822	-0.00991668	-0.855431	1	-19.9231	-1.37657
0.005647	-0.302154	0.506649	-0.807471	1	-19.8476	-1.09976
0.0154179	-0.563875	0.0104952	-0.825794	1	-19.968	-1.4071
0.046955	-0.40027	0.0728386	-0.913498	1	-19.7993	-1.31837
0.00551747	-0.381702	-0.472028	-0.794666	1	-20.2885	-1.78068
0.0263898	-0.361696	0.0697934	-0.92968	1	-19.1744	-1.07085
0.00793319	-0.551337	-0.048344	-0.832881	1	-19.9939	-1.46035
0.0128405	-0.463055	0.748404	-0.474839	1	-20.873	-0.152402
0.0153273	-0.480149	0.240671	-0.843525	1	-20.7906	-0.404029
0.0103112	-0.232782	-0.0904566	-0.968313	1	-20.0328	-1.56
0.0869517	-0.413545	0.254823	-0.874097	1	-19.3944	-0.483544
0.00746198	-0.334291	0.0493666	-0.941176	1	-19.3118	-0.896194
0.111917	-0.425191	0.0203915	-0.904874	1	-19.3617	-0.908919
0.019798	-0.380097	-0.252686	-0.889762	1	-19.382	-2.89519
0.00434579	-0.0729775	0.148296	-0.986247	1	-20.1846	-1.00167
0.0091461	-0.812915	-0.426517	-0.396551	1	-21.026	-1.07665
0.0897915	-0.430196	0.0155331	-0.902602	1	-20.5405	-0.732801
0.0255611	-0.397779	-0.117785	-0.909889	1	-18.4169	-1.98784
0.0133755	-0.481161	-0.175739	-0.858836	1	-18.5601	-1.88259
0.012257	-0.432655	-0.185714	-0.882224	1	-20.1134	-1.50372
0.00435109	-0.452621	-0.438188	-0.776612	1	-20.219	-1.85516
0.0228208	-0.503284	-0.209533	-0.838332	1	-19.971	-1.25376
0.0306236	-0.783543	-0.153713	-0.602023	1	-20.1555	-1.04704
0.0300558	-0.574874	-0.0179674	-0.818045	1	-19.9773	-0.978664
0.0135822	-0.532118	0.000414645	-0.84667	1	-19.9706	-0.984874
0.0253946	-0.595705	-0.114071	-0.795062	1	-19.9825	-1.00214
0.00695814	-0.44465	-0.109373	-0.889002	1	-19.8493	-1.44115
0.00805461	-0.592647	0.0534772	-0.803685	1	-20.0081	-1.39675
0.00966493	-0.425222	-0.0343678	-0.904436	1	-19.9631	-1.42467
0.00444916	-0.431594	0.0639651	-0.899797	1	-19.9474	-1.39188
0.127959	-0.547096	-0.0549769	-0.835262	1	-20.0024	-1.44114
0.00531618	-0.549074	-0.0630443	-0.833392	1	-20.0047	-1.44632
0.0440395	-0.539498	-0.0363946	-0.8412	1	-19.9966	-1.43329
0.0222278	-0.471647	0.203197	-0.858056	1	-19.9745	-1.40018
0.00647818	-0.503239	0.48416	-0.71578	1	-19.9917	-1.38687
0.00364905	-0.632142	0.115004	-0.76627	1	-20.0176	-1.40941
0.00399664	-0.550013	-0.0630422	-0.832773	1	-19.9949	-1.4397
0.00718927	-0.405668	0.22486	-0.88593	1	-19.9795	-1.41496
0.0515124	-0.529874	-0.0468667	-0.84678	1	-19.9896	-1.43578
0.105933	-0.53589	-0.0304498	-0.843739	1	-19.9919	-1.42871
0.0166867	-0.53579	-0.0251287	-0.843977	1	-19.9925	-1.42627
0.00598095	-0.53601	-0.027113	-0.843776	1	-19.9926	-1.4268
0.0219619	-0.5394	-0.0252247	-0.841671	1	-19.994	-1.4263
0.0167364	-0.525086	-0.00954105	-0.850995	1	-19.99	-1.42307
0.0261431	-0.526864	-0.0484349	-0.848569	1	-19.9903	-1.43111
0.0043372	-0.384471	-0.103153	-0.917356	1	-19.9351	-1.44854
0.0970624	-0.535335	-0.0383574	-0.843769	1	-19.9923	-1.43058
0.114196	-0.541649	-0.0925011	-0.8355	1	-19.9957	-1.44979
0.00685617	-0.559636	0.0742977	-0.825401	1	-20.004	-1.39221
0.0030031	-0.713566	-0.260496	-0.650357	1	-20.0248	-1.59463
0.0193481	-0.485024	-0.0705321	-0.871652	1	-19.641	-1.60034
0.00534916	-0.0456371	0.00380161	-0.998951	1	-19.7524	-1.45676
0.00657823	-0.438186	-0.365518	-0.821212	1	-19.8673	-1.73976
0.00524509	-0.603843	-0.192233	-0.773576	1	-19.9965	-1.48039
0.0192509	-0.631386	0.00520722	-0.775451	1	-19.9995	-1.46145
0.00515213	-0.333961	0.107088	-0.936484	1	-19.3604	-1.00857
0.00585638	-0.368593	0.282903	-0.885497	1	-20.0624	-1.37898
0.0332164	-0.592704	0.00801371	-0.80538	1	-20.0239	-1.45891
0.0219804	-0.592094	-0.108658	-0.79851	1	-20.2945	-1.73192
0.0237757	-0.572562	-0.0958094	-0.814244	1	-20.0837	-1.49358
0.0149226	-0.589258	-0.0042449	-0.807934	1	-20.1534	-1.4445
0.013705	-0.525391	-0.039292	-0.849953	1	-20.0026	-1.49961
0.0146464	-0.614158	-0.258489	-0.74565	1	-20.1122	-1.66737
0.00865649	-0.541512	-0.0873294	-0.836145	1	-20.0169	-1.52609
0.00340423	-0.556059	-0.0428167	-0.830039	1	-20.0254	-1.50735
0.00459325	-0.523599	-0.0566904	-0.850077	1	-19.9994	-1.51395
0.00764972	-0.543608	-0.0557233	-0.837487	1	-19.9723	-1.63666
0.0202549	0.0139552	0.417852	-0.908408	1	-18.5544	-0.394544
0.025768	-0.264311	0.373819	-0.889044	1	-19.243	-0.48457
0.0170786	-0.568141	0.0497489	-0.821426	1	-20.1753	-0.874765
0.00421583	-0.532223	0.0303442	-0.84606	1	-20.1744	-0.875527
0.00475386	-0.53445	0.0303411	-0.844655	1	-20.1746	-0.875514
0.0773711	-0.512668	0.0321735	-0.857984	1	-20.1693	-0.873999
0.0129645	-0.516129	0.0318705	-0.855918	1	-20.1705	-0.874057
0.00511397	-0.456871	0.0602905	-0.887488	1	-20.1675	-0.872459
0.40869	-0.522898	0.0216715	-0.85212	1	-20.1731	-0.877092
0.0106727	-0.50463	0.15444	-0.84941	1	-20.1678	-0.859883
0.00664355	-0.509354	0.147482	-0.847825	1	-20.1888	-0.835704
0.0176651	-0.558713	0.0800053	-0.825493	1	-20.2033	-0.85482
0.00977372	-0.551908	0.0529839	-0.83222	1	-20.1989	-0.864834
0.00379378	-0.373464	-0.08191	-0.924021	1	-20.1905	-0.893458
0.0119741	-0.511032	-0.0517429	-0.858003	1	-20.1889	-0.885824
0.0147039	-0.536379	0.0291604	-0.843473	1	-20.1908	-0.881763
0.014766	-0.53909	0.00897794	-0.8422	1	-20.1906	-0.884414
0.0522495	-0.593972	0.0213424	-0.804202	1	-20.2345	-0.867562
0.00465104	-0.587252	0.0299611	-0.808849	1	-20.2304	-0.864354
0.0245732	-0.53734	0.013531	-0.843257	1	-20.1872	-0.880343
0.0196952	-0.528311	-0.000279905	-0.849051	1	-20.1885	-0.884715
0.00380118	-0.524475	0.00254012	-0.851422	1	-20.1886	-0.884653
0.00395143	-0.509973	-0.00476415	-0.860177	1	-20.188	-0.884879
0.00488209	-0.589484	-0.187484	-0.785722	1	-20.193	-0.893409
0.0200743	-0.513605	0.00404497	-0.858017	1	-20.1883	-0.884316
0.00319035	-0.509305	0.0038367	-0.860578	1	-20.1875	-0.884324
0.0490398	-0.54739	0.00768524	-0.836843	1	-20.1953	-0.883703
0.0348835	-0.541022	0.000518297	-0.841009	1	-20.1935	-0.884974
0.0311281	-0.543218	0.00677855	-0.839565	1	-20.1944	-0.883621
0.00602906	-0.264784	-0.118422	-0.957009	1	-20.156	-0.877109
0.0378258	-0.540457	0.0191077	-0.841155	1	-20.1931	-0.879634
0.00551218	-0.515005	0.00839367	-0.857146	1	-20.1832	-0.883744
0.0128847	-0.446178	0.00897597	-0.894899	1	-20.1582	-0.881743
0.00521209	-0.476029	0.0268649	-0.879019	1	-20.1624	-0.880147
0.00527606	-0.418324	0.594113	-0.687048	1	-20.1682	-0.746466
0.0140761	-0.470898	0.0246795	-0.881842	1	-20.1615	-0.878454
0.0203948	-0.52135	0.0130591	-0.853243	1	-20.1807	-0.881423
0.00844023	-0.559126	0.0580072	-0.827051	1	-20.1961	-0.877475
0.0203347	-0.53883	0.0116846	-0.842334	1	-20.1906	-0.881993
0.0105439	-0.306803	0.178481	-0.934888	1	-20.0175	-0.781702
0.026889	-0.509997	0.124637	-0.851098	1	-20.1686	-0.803825
0.0249988	-0.548772	0.0295184	-0.835451	1	-20.2052	-0.868724
0.0692159	-0.512832	-0.0895333	-0.853807	1	-20.1951	-0.917244
0.0444967	-0.539548	-0.0190664	-0.841739	1	-20.0189	-1.21197
0.0423313	-0.580239	-0.0454889	-0.813175	1	-20.1098	-1.30078
0.00692372	-0.327985	-0.115852	-0.937552	1	-19.5862	-1.04832
0.0691325	-0.5499	-0.0158709	-0.835079	1	-20.0372	-1.19734
0.0162994	-0.477878	-0.192631	-0.857045	1	-19.6883	-1.19615
0.0441741	-0.609376	-0.0565513	-0.790862	1	-20.333	-1.3105
0.00393595	-0.287326	-0.43114	-0.855314	1	-19.8835	-1.57752
0.0964077	-0.541592	-0.00757232	-0.840608	1	-20.1046	-1.16321
0.00733424	0.630542	-0.364912	-0.685023	1	-14.6334	-2.75369
0.00443838	0.269736	-0.325684	-0.906186	1	-14.9465	-2.67026
0.0116414	-0.582462	-0.0123912	-0.812764	1	-21.1754	-1.25546
0.0143114	-0.604839	-0.0209355	-0.796073	1	-21.2198	-1.26981
0.00613694	-0.471818	0.0685239	-0.879029	1	-21.1299	-1.20185
0.00541708	-0.531724	-0.0601543	-0.844779	1	-21.1549	-1.28336
0.00800697	-0.052989	0.0847838	-0.994989	1	-18.9608	-1.35411
0.00973004	-0.445295	-0.0935492	-0.890483	1	-20.6004	-1.68037
0.0126074	-0.559907	0.166063	-0.811743	1	-20.0322	-1.29031
0.0140886	-0.516738	-0.00402454	-0.856134	1	-19.9967	-1.40565
0.00329448	-0.436345	-0.507929	-0.742705	1	-19.9955	-1.52934
0.0353519	-0.419512	-0.0617023	-0.90565	1	-20.0074	-1.46882
0.0044481	-0.544587	-0.332306	-0.770063	1	-20.0503	-1.49408
0.0120755	-0.47892	0.126762	-0.868658	1	-20.0314	-1.43053
0.112187	-0.545116	-0.0589142	-0.836288	1	-20.0728	-1.47964
0.0577994	-0.544622	-0.0352238	-0.837941	1	-20.0718	-1.46138
0.0035674	-0.470262	-0.134781	-0.872174	1	-20.069	-1.50615
0.00311986	-0.248117	-0.138177	-0.958825	1	-20.0645	-1.62574
0.043771	-0.530073	-0.0417131	-0.846925	1	-19.936	-1.49201
0.122481	-0.498212	-0.0617014	-0.864857	1	-19.7884	-1.42429
0.00443746	-0.220025	-0.268484	-0.93782	1	-19.93	-1.7267
0.0151401	-0.556989	-0.022818	-0.830206	1	-20.241	-1.47554
0.210333	-0.899534	-0.0856629	-0.42837	2	-71.179	-8.97636
0.011327	-0.900345	-0.0987286	-0.42383	2	-71.1916	-8.99221
0.00410271	-0.88748	-0.247536	-0.388722	2	-71.2591	-9.14262
0.0167573	-0.88059	-0.123015	-0.457634	2	-71.0917	-9.0109
0.0366128	-0.926221	-0.202509	-0.317968	2	-71.5962	-9.19996
0.0851991	-0.900459	-0.0834328	-0.426864	2	-71.2347	-9.00867
0.0493944	-0.879503	-0.177851	-0.441411	2	-71.2115	-9.02862
0.049951	-0.907256	-0.118804	-0.403451	2	-71.2514	-9.01767
0.0591807	-0.907926	-0.110155	-0.404396	2	-71.2505	-9.01231
0.0263976	-0.95684	-0.215482	-0.194997	2	-71.3264	-9.03824
0.0307183	-0.914778	-0.109705	-0.388776	2	-71.2781	-9.0144
0.00375796	-0.906491	-0.102102	-0.409693	2	-71.2354	-9.0041
0.0190343	-0.866314	0.144039	-0.478281	2	-71.1996	-8.96095
0.00677104	-0.915515	-0.0444905	-0.399817	2	-71.2482	-8.99233
0.453988	-0.888382	-0.117717	-0.443757	2	-71.1936	-9.0134
0.0194386	-0.819783	0.125999	-0.558641	2	-71.2006	-8.96209
0.00607971	0.468166	0.0992433	-0.87805	2	-71.216	-9.01388
0.0055885	-0.955612	-0.0679984	-0.286675	2	-71.4573	-9.00569
0.0206764	-0.926252	-0.0182492	-0.376463	2	-71.2986	-8.97982
0.00885449	-0.901771	-0.125815	-0.413497	2	-71.2247	-9.02188
0.0450821	-0.892594	-0.0504161	-0.448033	2	-71.16	-8.95978
0.015838	-0.828668	-0.365287	-0.424117	2	-71.1862	-9.15137
0.0173222	-0.921141	-0.100044	-0.376152	2	-71.3002	-9.01229
0.00405111	-0.869124	0.0491615	-0.492144	2	-71.212	-8.97018
0.0112392	-0.749563	-0.0121848	-0.66182	2	-70.8837	-8.93608
0.00494666	-0.971869	0.191695	-0.136835	2	-71.165	-9.00286
0.0246035	-0.898009	-0.0637813	-0.435329	2	-71.2157	-8.98793
0.0529577	-0.897953	-0.0742958	-0.433776	2	-71.2127	-8.98877
0.00456517	-0.923353	-0.167427	-0.345524	2	-71.2508	-9.00847
0.0135329	-0.89928	-0.0879656	-0.428436	2	-71.2137	-8.99172
0.00925915	-0.943156	-0.0986187	-0.317381	2	-71.306	-8.99439
0.00608752	-0.94052	-0.0425583	-0.337062	2	-71.2806	-8.98356
0.00312342	-0.160468	-0.371455	-0.914479	2	-70.81	-9.03406
0.02003	-0.927095	-0.0594493	-0.370081	2	-71.336	-8.96864
0.00791139	-0.864325	0.003081	-0.502924	2	-71.0775	-8.96713
0.0278035	-0.931747	0.0875462	-0.352396	2	-71.3347	-8.86515
0.0350068	-0.905655	-0.0291464	-0.423012	2	-71.2096	-8.99214
0.00408044	-0.899169	-0.0308543	-0.436512	2	-71.2033	-8.99226
0.0277634	-0.881481	-0.10293	-0.460865	2	-71.1912	-9.00586
0.00658092	-0.903419	-0.109984	-0.414412	2	-71.2265	-9.013
0.00531199	-0.879916	-0.0697726	-0.469978	2	-71.1827	-8.99472
0.00994576	-0.903618	-0.06845	-0.422834	2	-71.2639	-9.01914
0.06141	-0.895309	-0.216709	-0.389178	2	-71.2361	-9.02195
0.0052962	-0.86901	-0.200358	-0.452413	2	-71.2309	-9.01955
0.00352158	-0.916818	-0.119533	-0.380993	2	-71.2452	-9.01628
0.0142235	-0.912726	-0.125642	-0.388774	2	-71.2436	-9.01682
0.0152051	-0.867591	-0.148978	-0.474438	2	-71.067	-9.04538
0.0339904	-0.860002	-0.085961	-0.502998	2	-70.9418	-8.95287
